Loan_ID,Dependents,ApplicantIncome,CoapplicantIncome,LoanAmount,Loan_Amount_Term,Credit_History,Loan_Status,Gender_Female,Gender_Male,Married_No,Married_Yes,Education_Graduate,Education_Not Graduate,Self_Employed_No,Self_Employed_Yes,Property_Area_Rural,Property_Area_Semiurban,Property_Area_Urban
LP001003,1,-0.8903401360544219,-0.9108668026125247,-0.5972927241962775,0.45945945945945943,1.0,0,0,1,0,1,1,0,1,0,1,0,0
LP001005,0,-0.9294990723562153,-1.0,-0.8071065989847717,0.45945945945945943,1.0,1,0,1,0,1,1,0,0,1,0,0,1
LP001006,0,-0.9398144712430427,-0.8606259420161362,-0.6243654822335026,0.45945945945945943,1.0,1,0,1,0,1,0,1,1,0,0,0,1
LP001008,0,-0.8552875695732839,-1.0,-0.5532994923857869,0.45945945945945943,1.0,1,0,1,1,0,1,0,1,0,0,0,1
LP001011,2,-0.8697093382807669,-0.7519874693382983,-0.12690355329949254,0.45945945945945943,1.0,1,0,1,0,1,1,0,0,1,0,0,1
LP001013,0,-0.9459987631416203,-0.9103939474539705,-0.708967851099831,0.45945945945945943,1.0,1,0,1,0,1,0,1,1,0,0,0,1
LP001014,3,-0.9286085343228201,-0.8519963353725212,-0.49576988155668367,0.45945945945945943,0.0,0,0,1,0,1,1,0,1,0,0,1,0
LP001018,2,-0.9046134817563389,-0.9098028785057777,-0.46192893401015245,0.45945945945945943,1.0,1,0,1,0,1,1,0,1,0,0,0,1
LP001020,1,-0.686060606060606,-0.35171557762212957,0.15059221658206412,0.45945945945945943,1.0,0,0,1,0,1,1,0,1,0,0,1,0
LP001024,2,-0.9245516388373531,-0.9586251736265036,-0.7935702199661592,0.45945945945945943,1.0,1,0,1,0,1,1,0,1,0,0,0,1
LP001028,2,-0.9276932591218306,-0.5208795105949109,-0.3536379018612522,0.45945945945945943,1.0,1,0,1,0,1,1,0,1,0,0,0,1
LP001029,0,-0.9578726035868894,-0.832136418713243,-0.6446700507614214,0.45945945945945943,1.0,0,0,1,1,0,1,0,1,0,1,0,0
LP001030,2,-0.9715769944341374,-0.9358099122262612,-0.972927241962775,-0.6216216216216217,1.0,1,0,1,0,1,1,0,1,0,0,0,1
LP001032,0,-0.8812615955473099,-1.0,-0.607445008460237,0.45945945945945943,1.0,1,0,1,1,0,1,0,1,0,0,0,1
LP001036,0,-0.916883116883117,-1.0,-0.7732656514382403,0.45945945945945943,0.0,0,1,0,1,0,1,0,1,0,0,0,1
LP001038,0,-0.8828200371057514,-1.0,-0.580372250423012,0.45945945945945943,1.0,0,0,1,0,1,0,1,1,0,1,0,0
LP001043,0,-0.8142238713667286,-1.0,-0.6785109983079527,0.45945945945945943,0.0,0,0,1,0,1,0,1,1,0,0,0,1
LP001046,1,-0.8564007421150279,-0.6675237166415462,0.03553299492385764,0.45945945945945943,1.0,1,0,1,0,1,1,0,1,0,0,0,1
LP001047,0,-0.9393939393939394,-0.8870467240003547,-0.6379018612521152,0.45945945945945943,0.0,0,0,1,0,1,0,1,1,0,0,1,0
LP001066,0,-0.7672232529375387,-1.0,-0.38409475465313037,0.45945945945945943,1.0,1,0,1,0,1,1,0,0,1,0,1,0
LP001068,0,-0.9344712430426717,-0.8668321659721606,-0.6175972927241964,0.45945945945945943,1.0,1,0,1,0,1,1,0,1,0,0,1,0
LP001073,2,-0.8991713048855907,-0.9385288293879481,-0.658206429780034,0.45945945945945943,1.0,1,0,1,0,1,0,1,1,0,0,0,1
LP001086,0,-0.968039579468151,-1.0,-0.9120135363790187,0.45945945945945943,1.0,0,0,1,1,0,0,1,1,0,0,0,1
LP001095,0,-0.9253679653679654,-1.0,-0.7800338409475467,0.45945945945945943,1.0,0,0,1,1,0,1,0,1,0,0,0,1
LP001097,1,-0.887643784786642,-1.0,-0.6717428087986465,0.45945945945945943,1.0,0,0,1,1,0,1,0,0,1,1,0,0
LP001098,0,-0.9171304885590601,-0.9014688063362591,-0.6446700507614214,0.45945945945945943,1.0,1,0,1,0,1,1,0,1,0,0,1,0
LP001100,3,-0.6944959802102659,-0.822679315542158,0.05245346869712342,0.45945945945945943,1.0,0,0,1,1,0,1,0,1,0,1,0,0
LP001112,0,-0.9129993815708102,-0.9137630404586695,-0.5431472081218276,0.45945945945945943,1.0,1,1,0,0,1,1,0,1,0,0,1,0
LP001114,0,-0.9006555349412493,-0.5738392883529864,-0.4077834179357023,0.45945945945945943,1.0,1,0,1,1,0,1,0,1,0,0,0,1
LP001116,0,-0.910995670995671,-0.9014096994414398,-0.658206429780034,0.45945945945945943,1.0,1,0,1,1,0,0,1,1,0,0,1,0
LP001119,0,-0.914656771799629,-1.0,-0.7597292724196278,0.45945945945945943,1.0,0,0,1,1,0,1,0,1,0,0,0,1
LP001120,0,-0.9591836734693878,-0.9283033365842126,-0.8714043993231811,0.45945945945945943,1.0,1,0,1,1,0,1,0,1,0,0,0,1
LP001131,0,-0.9062213976499691,-0.8619262937021603,-0.5769881556683588,0.45945945945945943,1.0,1,0,1,0,1,1,0,1,0,0,1,0
LP001138,1,-0.8639703153988869,-1.0,-0.8815566835871406,0.45945945945945943,1.0,1,0,1,0,1,1,0,1,0,0,0,1
LP001144,0,-0.8597155225726655,-1.0,-0.5431472081218276,0.45945945945945943,1.0,1,0,1,0,1,1,0,1,0,0,0,1
LP001146,0,-0.9382807668521955,-0.7966722818216745,-0.6243654822335026,0.45945945945945943,0.0,0,1,0,0,1,1,0,1,0,0,0,1
LP001151,0,-0.9047619047619049,-0.8655318142861365,-0.5431472081218276,0.45945945945945943,1.0,1,1,0,1,0,1,0,1,0,0,1,0
LP001155,0,-0.9560173160173161,-0.9028282649171026,-0.6920473773265652,0.45945945945945943,1.0,1,1,0,0,1,0,1,1,0,0,1,0
LP001157,0,-0.9273716759431045,-1.0,-0.6243654822335026,0.45945945945945943,1.0,1,1,0,1,0,1,0,1,0,0,1,0
LP001164,0,-0.8990723562152134,-1.0,-0.6514382402707277,0.45945945945945943,1.0,0,1,0,1,0,1,0,1,0,0,1,0
LP001179,2,-0.8895238095238096,-1.0,-0.5769881556683588,0.45945945945945943,1.0,0,0,1,0,1,1,0,1,0,0,0,1
LP001186,1,-0.7192331478045764,-1.0,-0.06260575296108306,0.45945945945945943,0.0,0,1,0,0,1,1,0,0,1,0,0,1
LP001194,2,-0.936722325293754,-0.9310222537458994,-0.7021996615905246,0.45945945945945943,1.0,1,0,1,0,1,1,0,1,0,0,1,0
LP001195,0,-0.9509709338280767,-0.9059609303425245,-0.7055837563451778,0.45945945945945943,1.0,1,0,1,0,1,1,0,1,0,0,1,0
LP001197,0,-0.9204452690166977,-0.8699648313975825,-0.5736040609137056,0.45945945945945943,1.0,0,0,1,0,1,1,0,1,0,1,0,0
LP001198,1,-0.8038342609771182,-0.8670094866566185,-0.4213197969543149,0.45945945945945943,1.0,1,0,1,0,1,1,0,1,0,0,0,1
LP001199,2,-0.9206679035250465,-0.8310133877116765,-0.5431472081218276,0.45945945945945943,1.0,1,0,1,0,1,0,1,1,0,0,0,1
LP001205,0,-0.9418676561533705,-0.7756302272660106,-0.6243654822335026,0.45945945945945943,1.0,1,0,1,0,1,1,0,1,0,0,0,1
LP001206,3,-0.9287816944959802,-1.0,-0.6954314720812184,0.45945945945945943,1.0,1,0,1,0,1,1,0,1,0,0,0,1
LP001207,0,-0.9391713048855906,-0.796140319768301,-0.47208121827411176,-0.3513513513513514,0.0,0,0,1,0,1,0,1,0,1,1,0,0
LP001222,0,-0.9006555349412493,-1.0,-0.6379018612521152,0.45945945945945943,0.0,0,1,0,1,0,1,0,1,0,0,1,0
LP001225,0,-0.862065553494125,-0.7284038183054053,-0.1573604060913707,0.45945945945945943,1.0,0,0,1,0,1,1,0,1,0,0,1,0
LP001228,0,-0.9245516388373531,-0.8667730590773414,-0.6040609137055839,-0.3513513513513514,0.0,0,0,1,1,0,0,1,1,0,0,0,1
LP001233,1,-0.7377860235003093,-1.0,0.025380710659898442,0.45945945945945943,1.0,1,0,1,0,1,1,0,1,0,0,0,1
LP001238,3,-0.8280766852195425,-1.0,-0.607445008460237,-0.891891891891892,1.0,1,0,1,0,1,0,1,0,1,0,0,1
LP001241,0,-0.8973407544836117,-1.0,-0.5702199661590526,0.45945945945945943,0.0,0,1,0,1,0,1,0,1,0,0,1,0
LP001243,0,-0.9243537414965987,-0.8187782604840854,-0.44839255499153985,0.45945945945945943,1.0,1,0,1,0,1,1,0,1,0,0,0,1
LP001245,2,-0.9573283858998145,-0.8891745722138488,-0.7021996615905246,0.45945945945945943,1.0,1,0,1,0,1,0,1,0,1,0,1,0
LP001248,0,-0.9171304885590601,-1.0,-0.7563451776649748,0.18918918918918903,1.0,1,0,1,1,0,1,0,1,0,0,1,0
LP001253,3,-0.8734446505875078,-0.8951443685905961,-0.39763113367174296,0.45945945945945943,1.0,1,0,1,0,1,1,0,0,1,0,1,0
LP001255,0,-0.9109461966604824,-1.0,-0.6480541455160745,1.0,1.0,0,0,1,1,0,1,0,1,0,0,0,1
LP001256,0,-0.9109461966604824,-0.7192422496084168,-0.43485617597292736,0.45945945945945943,1.0,0,0,1,1,0,1,0,1,0,0,0,1
LP001259,1,-0.9789734075448362,-0.8213789638561338,-0.658206429780034,0.45945945945945943,1.0,0,0,1,0,1,1,0,0,1,0,0,1
LP001263,3,-0.9253679653679654,-0.7635724207228773,-0.4213197969543149,0.18918918918918903,0.0,0,0,1,0,1,1,0,1,0,0,1,0
LP001265,0,-0.9085714285714286,-1.0,-0.6548223350253808,0.45945945945945943,1.0,1,1,0,1,0,1,0,1,0,0,1,0
LP001267,2,-0.9696227581941869,-0.888819930844933,-0.4653130287648055,0.45945945945945943,1.0,0,1,0,0,1,1,0,1,0,0,0,1
LP001275,1,-0.9050587507730365,-1.0,-0.8612521150592217,-0.08108108108108114,1.0,1,0,1,0,1,1,0,1,0,0,0,1
LP001279,0,-0.9451824366110081,-0.8504004492124007,-0.5702199661590526,0.45945945945945943,1.0,1,0,1,1,0,1,0,1,0,0,1,0
LP001282,0,-0.9418676561533705,-0.8748115967727635,-0.6785109983079527,0.45945945945945943,1.0,1,0,1,0,1,1,0,1,0,0,1,0
LP001289,0,-0.7918119975262833,-1.0,-0.3197969543147209,0.45945945945945943,1.0,1,0,1,1,0,1,0,1,0,0,0,1
LP001310,0,-0.8628324056895487,-0.7537015692880574,-0.43824027072758054,0.45945945945945943,1.0,1,0,1,0,1,1,0,1,0,0,1,0
LP001316,0,-0.9305380333951763,-0.8285900050240861,-0.5871404399323182,0.45945945945945943,1.0,1,0,1,0,1,1,0,1,0,0,1,0
LP001318,2,-0.8491032776747063,-0.6658096166917871,-0.3942470389170898,-0.3513513513513514,1.0,1,0,1,0,1,1,0,1,0,0,1,0
LP001319,2,-0.9227458256029685,-0.8924254514289092,-0.7563451776649748,0.45945945945945943,1.0,1,0,1,0,1,0,1,1,0,0,0,1
LP001322,0,-0.9014718614718615,-1.0,-0.6175972927241964,0.45945945945945943,1.0,1,0,1,1,0,1,0,1,0,0,1,0
LP001325,0,-0.9141620284477427,-1.0,-0.94585448392555,-0.6216216216216217,1.0,1,0,1,1,0,0,1,1,0,0,1,0
LP001327,0,-0.9422634508348795,-0.8639359281260159,-0.5668358714043995,0.45945945945945943,1.0,1,1,0,0,1,1,0,1,0,0,1,0
LP001333,0,-0.9548051948051949,-0.9410704258651772,-0.8612521150592217,0.45945945945945943,1.0,1,0,1,0,1,1,0,1,0,0,1,0
LP001334,0,-0.9001113172541745,-1.0,-0.6412859560067683,-0.3513513513513514,1.0,1,0,1,0,1,0,1,1,0,0,1,0
LP001343,0,-0.9601978973407546,-0.7907024854449272,-0.5871404399323182,0.45945945945945943,1.0,1,0,1,0,1,1,0,1,0,0,1,0
LP001345,2,-0.8976376004947434,-0.8071342022046872,-0.580372250423012,-0.3513513513513514,1.0,1,0,1,0,1,0,1,1,0,0,0,1
LP001349,0,-0.8839084724799011,-0.7750391583178178,-0.5194585448392556,0.45945945945945943,1.0,1,0,1,1,0,1,0,1,0,0,1,0
LP001367,1,-0.9282127396413111,-0.939119898336141,-0.6920473773265652,0.45945945945945943,1.0,1,0,1,0,1,1,0,1,0,0,0,1
LP001369,2,-0.7212863327149042,-0.93344563643349,-0.269035532994924,0.45945945945945943,1.0,1,0,1,0,1,1,0,1,0,0,0,1
LP001379,2,-0.9097093382807669,-0.7872151786505897,-0.29949238578680215,0.45945945945945943,0.0,0,0,1,0,1,1,0,1,0,0,0,1
LP001384,3,-0.9524799010513297,-0.9554334013062624,-0.712351945854484,1.0,1.0,1,0,1,0,1,0,1,1,0,0,1,0
LP001385,0,-0.8722077922077922,-1.0,-0.5702199661590526,0.45945945945945943,1.0,1,0,1,1,0,1,0,1,0,0,0,1
LP001401,1,-0.6429684601113173,-1.0,-0.4043993231810492,-0.3513513513513514,1.0,1,0,1,0,1,1,0,1,0,1,0,0
LP001404,0,-0.9253679653679654,-0.8650589591275822,-0.5093062605752963,0.45945945945945943,1.0,1,1,0,0,1,1,0,1,0,0,1,0
LP001421,0,-0.8659740259740261,-0.8733930312971008,-0.43824027072758054,0.45945945945945943,1.0,0,0,1,0,1,1,0,1,0,1,0,0
LP001422,0,-0.7462461348175634,-1.0,-0.15397631133671752,0.45945945945945943,1.0,1,1,0,1,0,1,0,1,0,0,0,1
LP001430,0,-0.9006555349412493,-1.0,-0.8815566835871406,0.45945945945945943,1.0,1,1,0,1,0,1,0,1,0,0,1,0
LP001431,0,-0.9508472479901052,-0.46922008452285957,-0.5668358714043995,0.45945945945945943,0.0,1,1,0,1,0,1,0,1,0,0,1,0
LP001432,2,-0.9305627705627706,-1.0,-0.7563451776649748,0.45945945945945943,1.0,1,0,1,0,1,1,0,1,0,0,1,0
LP001439,0,-0.8973407544836117,-0.8809587138339687,-0.37394247038917106,0.45945945945945943,1.0,1,0,1,0,1,0,1,1,0,1,0,0
LP001451,1,-0.7436487322201608,-0.7724384549457695,-0.4890016920473774,-0.3513513513513514,0.0,0,0,1,0,1,1,0,0,1,0,0,1
LP001473,0,-0.9538899196042054,-0.8859827998936076,-0.7800338409475467,0.45945945945945943,1.0,1,0,1,1,0,1,0,1,0,0,0,1
LP001478,0,-0.9364749536178109,-1.0,-0.7935702199661592,0.45945945945945943,1.0,1,0,1,1,0,1,0,1,0,0,1,0
LP001482,0,-0.9181447124304267,-1.0,-0.94585448392555,-0.6216216216216217,1.0,1,0,1,0,1,1,0,0,1,0,1,0
LP001487,0,-0.8826221397649969,-1.0,-0.685279187817259,0.45945945945945943,1.0,1,0,1,1,0,1,0,1,0,0,1,0
LP001488,3,-0.9047619047619049,-0.5419215651505749,-0.04906937394247046,0.45945945945945943,1.0,0,0,1,0,1,1,0,1,0,0,1,0
LP001489,0,-0.8903401360544219,-1.0,-0.7461928934010154,0.45945945945945943,1.0,0,1,0,0,1,1,0,1,0,1,0,0
LP001491,2,-0.9216821273964132,-0.7931258681325176,-0.7326565143824029,0.45945945945945943,1.0,1,0,1,0,1,1,0,0,1,0,0,1
LP001492,0,-0.6326777983920842,-1.0,-0.21150592216582076,0.45945945945945943,0.0,0,0,1,1,0,1,0,1,0,0,1,0
LP001493,2,-0.8998144712430427,-0.9154771404084286,-0.5939086294416245,0.45945945945945943,1.0,0,0,1,0,1,0,1,1,0,1,0,0
LP001497,2,-0.8789857761286333,-0.8768803380914384,-0.4043993231810492,0.45945945945945943,1.0,0,0,1,0,1,1,0,1,0,1,0,0
LP001498,0,-0.8697093382807669,-1.0,-0.46192893401015245,0.45945945945945943,1.0,1,0,1,1,0,1,0,1,0,0,0,1
LP001504,0,-0.831787260358689,-1.0,-0.43824027072758054,-0.3513513513513514,1.0,1,0,1,1,0,1,0,0,1,0,1,0
LP001507,0,-0.936969696969697,-0.8797765759375831,-0.6175972927241964,0.45945945945945943,1.0,1,0,1,0,1,1,0,1,0,0,1,0
LP001508,2,-0.7128756957328386,-1.0,-0.39763113367174296,-0.3513513513513514,1.0,1,0,1,0,1,1,0,1,0,0,0,1
LP001514,0,-0.9460729746444033,-0.7348464698407069,-0.6920473773265652,0.45945945945945943,1.0,1,1,0,0,1,1,0,1,0,0,1,0
LP001516,2,-0.6359678416821275,-1.0,-0.7935702199661592,0.45945945945945943,1.0,1,1,0,0,1,1,0,1,0,0,0,1
LP001518,1,-0.9656648113790971,-0.915772674882525,-0.9289340101522844,0.45945945945945943,1.0,1,0,1,0,1,1,0,1,0,0,0,1
LP001519,0,-0.7563388991960421,-0.9015279132310784,-0.269035532994924,0.45945945945945943,1.0,0,1,0,1,0,1,0,1,0,1,0,0
LP001520,0,-0.8834879406307978,-0.950941277299997,-0.607445008460237,0.45945945945945943,1.0,1,0,1,0,1,1,0,1,0,0,1,0
LP001528,0,-0.84843537414966,-1.0,-0.6311336717428089,0.45945945945945943,0.0,0,0,1,1,0,1,0,1,0,1,0,0
LP001529,0,-0.9399628942486086,-0.7783491444276975,-0.5160744500846025,0.45945945945945943,1.0,1,0,1,0,1,1,0,0,1,1,0,0
LP001531,0,-0.7769696969696971,-1.0,-0.20473773265651452,0.45945945945945943,1.0,0,0,1,1,0,1,0,1,0,0,0,1
LP001532,2,-0.9472850958565245,-1.0,-0.6480541455160745,0.45945945945945943,1.0,0,0,1,0,1,0,1,1,0,1,0,0
LP001535,0,-0.9232158317872604,-1.0,-0.8612521150592217,0.45945945945945943,1.0,1,0,1,1,0,1,0,1,0,0,0,1
LP001536,3,-0.01424860853432286,-1.0,0.9999999999999998,-0.3513513513513514,0.0,1,0,1,0,1,1,0,1,0,0,1,0
LP001543,1,-0.7677674706246136,-1.0,-0.39763113367174296,0.45945945945945943,1.0,1,0,1,0,1,1,0,1,0,0,0,1
LP001552,0,-0.8903401360544219,-0.6675237166415462,-0.16751269035533012,0.45945945945945943,1.0,1,0,1,0,1,1,0,1,0,0,1,0
LP001560,0,-0.9576252319109463,-0.9384697224931289,-0.6988155668358715,0.45945945945945943,1.0,1,0,1,0,1,0,1,1,0,0,1,0
LP001562,0,-0.8074706246134818,-1.0,-0.09983079526226746,0.45945945945945943,1.0,0,0,1,0,1,1,0,1,0,0,0,1
LP001565,1,-0.9272974644403217,-0.9243431746313208,-0.6209813874788495,0.45945945945945943,0.0,0,0,1,0,1,1,0,1,0,0,1,0
LP001570,2,-0.900630797773655,-0.9144723231965008,-0.49576988155668367,0.45945945945945943,1.0,1,0,1,0,1,1,0,1,0,1,0,0
LP001572,0,-0.7730859616573903,-1.0,-0.7766497461928935,-0.3513513513513514,1.0,1,0,1,0,1,1,0,1,0,0,0,1
LP001577,0,-0.8903401360544219,-1.0,-0.6514382402707277,0.45945945945945943,1.0,0,1,0,0,1,1,0,1,0,1,0,0
LP001578,0,-0.9433766233766234,-0.8029967195673375,-0.5939086294416245,0.45945945945945943,1.0,1,0,1,0,1,1,0,1,0,1,0,0
LP001579,0,-0.9483735312306741,-1.0,-0.8172588832487311,1.0,0.0,0,0,1,1,0,1,0,1,0,0,1,0
LP001580,2,-0.805813234384663,-1.0,-0.3536379018612522,0.45945945945945943,1.0,1,0,1,0,1,1,0,1,0,0,1,0
LP001586,3,-0.9165862708719852,-1.0,-0.7563451776649748,-0.3513513513513514,1.0,0,0,1,0,1,0,1,1,0,1,0,0
LP001594,0,-0.8625108225108226,-0.6675237166415462,-0.39763113367174296,0.45945945945945943,1.0,1,0,1,0,1,1,0,1,0,0,1,0
LP001603,0,-0.896252319109462,-0.9564973254130095,-0.7360406091370559,0.45945945945945943,1.0,0,0,1,0,1,0,1,0,1,0,1,0
LP001606,0,-0.917204700061843,-0.8839140585749328,-0.6379018612521152,0.45945945945945943,1.0,1,0,1,0,1,1,0,1,0,1,0,0
LP001608,2,-0.9531230674087817,-0.9043059372875846,-0.6886632825719121,0.45945945945945943,1.0,1,0,1,0,1,1,0,1,0,1,0,0
LP001610,3,-0.8672603586889301,-0.33209208854212846,0.6446700507614211,0.45945945945945943,0.0,0,0,1,0,1,1,0,1,0,0,1,0
LP001616,1,-0.9109461966604824,-1.0,-0.6379018612521152,0.45945945945945943,1.0,1,0,1,0,1,1,0,1,0,0,1,0
LP001630,0,-0.9459987631416203,-0.9142358956172237,-0.685279187817259,1.0,0.0,0,0,1,1,0,0,1,1,0,0,0,1
LP001633,1,-0.8453927025355598,-0.5714750125602152,-0.4213197969543149,0.45945945945945943,0.0,0,0,1,0,1,1,0,1,0,0,0,1
LP001636,0,-0.8899196042053186,-1.0,-0.7834179357021998,-0.3513513513513514,1.0,1,0,1,0,1,1,0,1,0,0,1,0
LP001637,1,-0.1664564007421151,-1.0,-0.15059221658206445,0.45945945945945943,1.0,0,0,1,0,1,1,0,1,0,0,1,0
LP001639,0,-0.9140383426097712,-1.0,-0.6649746192893402,0.45945945945945943,1.0,1,1,0,0,1,1,0,1,0,0,1,0
LP001640,0,-0.035324675324675314,-0.7192422496084168,-0.6243654822335026,0.45945945945945943,1.0,1,0,1,0,1,1,0,0,1,0,1,0
LP001641,1,-0.9498330241187385,-1.0,-0.8071065989847717,0.18918918918918903,0.0,0,0,1,0,1,1,0,0,1,1,0,0
LP001647,0,-0.7729622758194188,-1.0,-0.3942470389170898,-0.3513513513513514,1.0,1,0,1,0,1,1,0,1,0,1,0,0
LP001653,0,-0.8828695114409401,-1.0,-0.868020304568528,0.45945945945945943,1.0,1,0,1,1,0,0,1,1,0,1,0,0
LP001656,0,-0.7068645640074211,-1.0,-0.47546531302876494,0.45945945945945943,1.0,0,0,1,1,0,1,0,1,0,0,1,0
LP001657,0,-0.8544712430426716,-1.0,-0.4890016920473774,0.45945945945945943,1.0,0,0,1,0,1,0,1,1,0,0,0,1
LP001658,0,-0.9082745825602969,-1.0,-0.7732656514382403,0.45945945945945943,1.0,1,0,1,1,0,1,0,1,0,0,1,0
LP001664,0,-0.9000371057513915,-1.0,-0.6243654822335026,0.45945945945945943,1.0,1,0,1,1,0,1,0,1,0,1,0,0
LP001665,1,-0.9264069264069265,-0.847326890681798,-0.4551607445008461,0.45945945945945943,1.0,0,0,1,0,1,1,0,1,0,0,1,0
LP001666,0,-0.7975757575757576,-0.7783491444276975,-0.39763113367174296,0.45945945945945943,1.0,1,0,1,1,0,1,0,1,0,1,0,0
LP001673,0,-0.7316017316017316,-1.0,-0.7495769881556684,0.45945945945945943,1.0,0,0,1,1,0,1,0,0,1,0,0,1
LP001674,1,-0.9393939393939394,-0.8522327629517983,-0.7258883248730965,0.45945945945945943,1.0,1,0,1,0,1,0,1,1,0,0,1,0
LP001677,2,-0.8819294990723563,-1.0,-0.4686971235194587,0.45945945945945943,0.0,1,0,1,1,0,1,0,1,0,0,1,0
LP001688,1,-0.9171304885590601,-0.9359872329107191,-0.5736040609137056,0.45945945945945943,1.0,1,0,1,0,1,0,1,1,0,0,0,1
LP001691,2,-0.9068150896722326,-1.0,-0.6108291032148901,0.45945945945945943,1.0,1,0,1,0,1,0,1,1,0,0,1,0
LP001692,0,-0.8946691403834262,-1.0,-0.6243654822335026,0.45945945945945943,1.0,1,1,0,1,0,0,1,1,0,0,1,0
LP001693,0,-0.9234632034632035,-1.0,-0.7597292724196278,0.45945945945945943,1.0,1,1,0,1,0,1,0,1,0,0,0,1
LP001698,0,-0.9053803339517625,-0.8504004492124007,-0.8443316412859561,0.45945945945945943,1.0,1,0,1,1,0,0,1,1,0,1,0,0
LP001699,0,-0.942387136672851,-1.0,-0.8307952622673436,0.45945945945945943,1.0,1,0,1,1,0,1,0,1,0,0,0,1
LP001702,0,-0.9191589363017935,-1.0,-0.6006768189509307,0.45945945945945943,1.0,0,0,1,1,0,1,0,1,0,0,1,0
LP001708,0,-0.7563388991960421,-1.0,-0.3062605752961084,0.45945945945945943,1.0,0,1,0,1,0,1,0,1,0,0,1,0
LP001711,3,-0.9188620902906618,-0.9261163814758991,-0.5972927241962775,0.45945945945945943,0.0,0,0,1,0,1,1,0,1,0,0,1,0
LP001713,1,-0.8110822510822511,-1.0,-0.218274111675127,0.45945945945945943,1.0,1,0,1,0,1,1,0,0,1,0,0,1
LP001715,3,-0.8626345083487941,-1.0,-0.5905245346869714,0.45945945945945943,1.0,1,0,1,0,1,0,1,0,1,1,0,0
LP001716,0,-0.9252195423623996,-0.8214380707509531,-0.5668358714043995,0.45945945945945943,1.0,1,0,1,0,1,1,0,1,0,0,0,1
LP001720,3,-0.9084724799010514,-0.9418979223926471,-0.6920473773265652,0.45945945945945943,1.0,1,0,1,0,1,0,1,1,0,0,1,0
LP001722,0,-1.0,-0.8936075893252948,-0.5736040609137056,0.45945945945945943,1.0,0,0,1,0,1,1,0,1,0,1,0,0
LP001726,0,-0.9115151515151516,-0.8950852616957768,-0.5871404399323182,0.45945945945945943,1.0,1,0,1,0,1,1,0,1,0,0,1,0
LP001736,0,-0.9487693259121831,-1.0,-0.8274111675126905,0.45945945945945943,0.0,0,0,1,0,1,1,0,1,0,0,0,1
LP001743,2,-0.9045392702535561,-0.8985134615952951,-0.6379018612521152,0.45945945945945943,1.0,1,0,1,0,1,1,0,1,0,0,1,0
LP001744,0,-0.9302164502164503,-0.8350326565593876,-0.5431472081218276,0.45945945945945943,1.0,1,0,1,1,0,1,0,1,0,0,1,0
LP001750,0,-0.8491032776747063,-1.0,-0.5972927241962775,0.45945945945945943,1.0,1,0,1,0,1,1,0,1,0,0,1,0
LP001751,0,-0.9233147804576377,-1.0,-0.4551607445008461,0.45945945945945943,1.0,0,0,1,0,1,1,0,1,0,1,0,0
LP001758,2,-0.8491032776747063,-0.8998138132813193,-0.3197969543147209,0.45945945945945943,1.0,1,0,1,0,1,1,0,1,0,0,1,0
LP001761,0,-0.8453927025355598,-1.0,-0.3536379018612522,0.45945945945945943,1.0,1,0,1,1,0,1,0,0,1,1,0,0
LP001765,1,-0.9420902906617193,-0.8785944380411975,-0.6785109983079527,0.45945945945945943,1.0,1,0,1,0,1,1,0,1,0,0,1,0
LP001776,0,-0.7975757575757576,-1.0,-0.08291032148900179,0.45945945945945943,1.0,1,1,0,1,0,1,0,1,0,0,1,0
LP001778,1,-0.9256648113790972,-0.8948488341164997,-0.5566835871404401,0.45945945945945943,1.0,1,0,1,0,1,1,0,1,0,0,1,0
LP001784,1,-0.8676561533704391,-0.9255253125277063,-0.4551607445008461,0.45945945945945943,1.0,1,0,1,0,1,1,0,1,0,1,0,0
LP001790,1,-0.9094124922696352,-1.0,-0.6514382402707277,0.45945945945945943,1.0,1,1,0,1,0,1,0,1,0,1,0,0
LP001792,1,-0.9217068645640075,-1.0,-0.7055837563451778,0.45945945945945943,1.0,1,0,1,0,1,1,0,1,0,0,1,0
LP001798,2,-0.8597649969078541,-0.7044655259035966,-0.6243654822335026,0.45945945945945943,1.0,1,0,1,0,1,1,0,1,0,1,0,0
LP001800,1,-0.9416202844774274,-0.8827910275733665,-0.5566835871404401,-0.3513513513513514,1.0,0,0,1,0,1,0,1,1,0,0,0,1
LP001806,0,-0.9303648732220161,-0.6630315926352809,-0.5059221658206431,-0.891891891891892,1.0,1,0,1,1,0,1,0,1,0,0,0,1
LP001807,2,-0.8491032776747063,-0.9231610367349351,-0.6649746192893402,0.45945945945945943,1.0,1,0,1,0,1,1,0,0,1,1,0,0
LP001811,0,-0.9194557823129252,-0.7389248455832373,-0.6142131979695433,0.45945945945945943,1.0,1,0,1,0,1,0,1,1,0,0,1,0
LP001813,0,-0.8540507111935685,-0.7438898247480569,-0.6243654822335026,-0.3513513513513514,1.0,0,0,1,1,0,1,0,0,1,0,0,1
LP001814,2,-0.7636858379715523,-1.0,-0.6514382402707277,0.45945945945945943,1.0,1,0,1,0,1,1,0,1,0,0,0,1
LP001819,1,-0.8402473716759431,-1.0,-0.5668358714043995,-0.3513513513513514,1.0,1,0,1,0,1,0,1,1,0,0,0,1
LP001824,1,-0.9324180581323439,-0.8910659928480658,-0.6142131979695433,1.0,1.0,1,0,1,0,1,1,0,1,0,0,1,0
LP001825,0,-0.958961038961039,-0.8895883204775837,-0.7258883248730965,0.45945945945945943,1.0,1,0,1,0,1,1,0,1,0,0,0,1
LP001835,0,-0.9624489795918368,-0.7700741791529981,-0.35025380710659915,0.45945945945945943,0.0,0,0,1,0,1,0,1,1,0,0,1,0
LP001836,2,-0.9189363017934447,-1.0,-0.5634517766497463,0.45945945945945943,1.0,0,1,0,1,0,1,0,1,0,0,0,1
LP001841,0,-0.9398144712430427,-0.8719153589266188,-0.6785109983079527,0.45945945945945943,1.0,1,0,1,1,0,0,1,0,1,1,0,0
LP001843,1,-0.9378849721706866,-0.5802819398882879,-0.08629441624365497,-0.3513513513513514,1.0,1,0,1,0,1,0,1,1,0,0,1,0
LP001844,0,-0.6017316017316018,-1.0,-0.3807106598984773,0.45945945945945943,0.0,0,0,1,1,0,1,0,0,1,0,0,1
LP001846,3,-0.9274458874458875,-1.0,-0.16751269035533012,0.45945945945945943,1.0,1,1,0,1,0,1,0,1,0,1,0,0
LP001849,0,-0.85417439703154,-1.0,-0.6412859560067683,0.45945945945945943,0.0,0,0,1,1,0,0,1,1,0,1,0,0
LP001854,3,-0.8738404452690167,-1.0,-0.712351945854484,0.45945945945945943,1.0,0,0,1,0,1,1,0,1,0,0,0,1
LP001859,0,-0.6404947433518863,-0.8758755208795106,-0.0016920473773267553,0.45945945945945943,1.0,0,0,1,0,1,1,0,1,0,1,0,0
LP001868,0,-0.9527520098948671,-0.869432869344209,-0.5769881556683588,0.45945945945945943,1.0,1,0,1,1,0,1,0,1,0,0,1,0
LP001870,1,-0.9176004947433519,-1.0,-0.5059221658206431,-1.0,1.0,0,1,0,1,0,1,0,1,0,0,1,0
LP001871,0,-0.8256029684601114,-1.0,-0.6243654822335026,0.45945945945945943,1.0,1,1,0,1,0,1,0,1,0,1,0,0
LP001872,0,-0.8759183673469388,-1.0,-0.5972927241962775,0.45945945945945943,1.0,1,0,1,1,0,1,0,0,1,0,1,0
LP001875,0,-0.9024118738404453,-0.7962585335579395,-0.5194585448392556,0.45945945945945943,1.0,1,0,1,1,0,1,0,1,0,1,0,0
LP001877,2,-0.887247990105133,-0.9180187368856577,-0.5228426395939088,0.45945945945945943,1.0,1,0,1,0,1,1,0,1,0,0,1,0
LP001882,3,-0.8965244279529995,-0.8929574134822827,-0.4890016920473774,0.45945945945945943,0.0,1,0,1,0,1,1,0,1,0,0,0,1
LP001884,1,-0.9325664811379097,-0.9077932440819222,-0.7258883248730965,0.45945945945945943,1.0,1,1,0,1,0,1,0,1,0,0,0,1
LP001888,0,-0.9236363636363637,-1.0,-0.9289340101522844,0.45945945945945943,1.0,1,1,0,1,0,1,0,1,0,0,0,1
LP001891,0,-0.7279901051329623,-1.0,-0.5702199661590526,0.45945945945945943,1.0,1,0,1,0,1,1,0,1,0,0,0,1
LP001892,0,-0.9336301793444651,-0.8902384963205958,-0.6040609137055839,0.45945945945945943,1.0,1,0,1,1,0,1,0,1,0,1,0,0
LP001894,0,-0.9388991960420532,-0.8686053728167391,-0.5228426395939088,0.45945945945945943,1.0,1,0,1,0,1,1,0,1,0,0,1,0
LP001896,2,-0.9072356215213359,-1.0,-0.7258883248730965,0.45945945945945943,1.0,1,0,1,0,1,1,0,1,0,0,1,0
LP001900,1,-0.9356833642547929,-0.891125099742885,-0.6412859560067683,0.45945945945945943,1.0,1,0,1,0,1,1,0,1,0,0,1,0
LP001903,0,-0.904935064935065,-0.806484026361675,-0.3299492385786803,0.45945945945945943,1.0,1,0,1,0,1,1,0,1,0,0,1,0
LP001904,0,-0.9269511440940013,-0.9231610367349351,-0.7597292724196278,0.45945945945945943,1.0,1,0,1,0,1,1,0,1,0,0,0,1
LP001907,0,-0.6429684601113173,-1.0,0.44500846023688645,0.45945945945945943,1.0,1,0,1,0,1,1,0,1,0,0,1,0
LP001910,1,-0.9034508348794064,-0.8566066731684251,-0.49576988155668367,0.45945945945945943,0.0,0,0,1,1,0,0,1,0,1,0,0,1
LP001914,0,-0.9065677179962894,-0.9527144841445755,-0.6514382402707277,0.45945945945945943,1.0,1,0,1,0,1,1,0,1,0,0,1,0
LP001915,2,-0.9467903525046383,-0.9417324238082573,-0.7664974619289341,-0.3513513513513514,1.0,1,0,1,0,1,1,0,1,0,0,0,1
LP001917,0,-0.9589115646258504,-0.9015279132310784,-0.8477157360406092,0.45945945945945943,1.0,1,1,0,1,0,1,0,1,0,0,0,1
LP001924,0,-0.9255905998763142,-0.8195466501167361,-0.7292724196277497,0.45945945945945943,1.0,1,0,1,1,0,1,0,1,0,1,0,0
LP001925,0,-0.9393939393939394,-0.8985134615952951,-0.6954314720812184,0.18918918918918903,1.0,0,1,0,1,0,1,0,0,1,0,1,0
LP001926,0,-0.9120841063698207,-0.8817862103614387,-0.6243654822335026,0.45945945945945943,1.0,1,0,1,0,1,1,0,1,0,1,0,0
LP001931,0,-0.9016944959802103,-1.0,-0.6412859560067683,0.45945945945945943,1.0,1,1,0,1,0,1,0,1,0,0,1,0
LP001935,0,-0.7685095856524429,-1.0,-0.39763113367174296,0.45945945945945943,1.0,1,0,1,1,0,1,0,1,0,1,0,0
LP001936,0,-0.927643784786642,-0.8571977421166179,-0.5600676818950932,0.45945945945945943,1.0,1,0,1,0,1,1,0,1,0,1,0,0
LP001938,2,-0.8948670377241806,-1.0,-0.6006768189509307,0.45945945945945943,0.0,0,0,1,0,1,1,0,1,0,0,1,0
LP001940,2,-0.9257142857142858,-0.9077932440819222,-0.5769881556683588,0.45945945945945943,1.0,1,0,1,0,1,1,0,1,0,0,0,1
LP001947,0,-0.9447619047619048,-0.8029376126725183,-0.44839255499153985,0.45945945945945943,1.0,1,0,1,0,1,1,0,1,0,0,1,0
LP001953,1,-0.8336425479282623,-1.0,-0.3536379018612522,0.45945945945945943,1.0,1,0,1,0,1,1,0,1,0,0,1,0
LP001954,1,-0.8882869511440941,-1.0,-0.5736040609137056,0.45945945945945943,1.0,1,1,0,0,1,1,0,1,0,0,0,1
LP001955,0,-0.8800247371675943,-0.8498093802642078,-0.5194585448392556,1.0,1.0,0,1,0,1,0,1,0,1,0,1,0,0
LP001963,1,-0.9538899196042054,-0.8271123326536041,-0.6480541455160745,0.45945945945945943,1.0,0,0,1,0,1,1,0,1,0,0,0,1
LP001964,0,-0.9591836734693878,-0.8265803706002305,-0.7157360406091371,0.45945945945945943,0.0,0,0,1,0,1,0,1,1,0,0,0,1
LP001974,0,-0.8800247371675943,-1.0,-0.5837563451776651,0.45945945945945943,1.0,1,1,0,1,0,1,0,1,0,1,0,0
LP001977,1,-0.9635126777983921,-0.893430268640837,-0.7055837563451778,0.45945945945945943,1.0,1,0,1,0,1,1,0,1,0,0,0,1
LP001978,0,-0.9047619047619049,-0.8522327629517983,-0.5566835871404401,0.45945945945945943,1.0,1,0,1,1,0,1,0,1,0,1,0,0
LP001993,0,-0.9106493506493507,-0.9015279132310784,-0.5736040609137056,0.45945945945945943,1.0,1,1,0,1,0,1,0,1,0,1,0,0
LP001994,0,-0.9443413729128015,-0.8898838549516801,-0.6785109983079527,0.45945945945945943,0.0,0,1,0,1,0,1,0,1,0,0,0,1
LP001996,0,-0.5032034632034632,-1.0,0.5939086294416243,0.45945945945945943,1.0,0,0,1,1,0,1,0,1,0,1,0,0
LP002002,0,-0.931552257266543,-1.0,-0.7461928934010154,0.45945945945945943,1.0,1,1,0,1,0,1,0,1,0,0,1,0
LP002004,0,-0.9313048855906,-0.85784791795963,-0.6548223350253808,0.45945945945945943,1.0,1,0,1,1,0,0,1,1,0,0,1,0
LP002006,0,-0.9416944959802104,-1.0,-0.840947546531303,0.45945945945945943,1.0,1,1,0,1,0,1,0,1,0,1,0,0
LP002031,1,-0.9196289424860854,-0.9030646924963797,-0.6548223350253808,-0.3513513513513514,1.0,1,0,1,0,1,0,1,1,0,0,0,1
LP002035,2,-0.9117625231910946,-1.0,-0.6243654822335026,0.45945945945945943,1.0,1,0,1,0,1,1,0,1,0,0,1,0
LP002050,1,-0.7563388991960421,-1.0,-0.5059221658206431,0.45945945945945943,1.0,0,0,1,0,1,1,0,0,1,1,0,0
LP002051,0,-0.9443413729128015,-0.8719153589266188,-0.6412859560067683,0.45945945945945943,1.0,1,0,1,0,1,1,0,1,0,0,1,0
LP002053,3,-0.8963017934446507,-0.9888287968791559,-0.6108291032148901,0.45945945945945943,1.0,1,0,1,0,1,1,0,1,0,0,1,0
LP002065,3,-0.6326530612244898,-1.0,-0.015228426395939243,0.45945945945945943,1.0,1,0,1,0,1,1,0,1,0,1,0,0
LP002067,1,-0.7893382807668523,-0.7054703431155245,0.2419627749576987,0.45945945945945943,0.0,0,0,1,0,1,1,0,0,1,1,0,0
LP002068,0,-0.8820779220779221,-1.0,-0.5905245346869714,0.45945945945945943,0.0,1,0,1,1,0,1,0,1,0,1,0,0
LP002082,0,-0.8597897340754485,-0.8723291071903537,-0.4077834179357023,0.45945945945945943,1.0,1,0,1,0,1,1,0,0,1,0,1,0
LP002086,0,-0.8965244279529995,-0.8551290007979431,-0.658206429780034,0.45945945945945943,1.0,0,1,0,0,1,1,0,1,0,0,0,1
LP002087,0,-0.9418676561533705,-1.0,-0.8037225042301186,0.45945945945945943,1.0,1,1,0,1,0,1,0,1,0,0,0,1
LP002097,1,-0.8952628324056896,-0.8940213375890298,-0.634517766497462,0.45945945945945943,1.0,1,0,1,1,0,1,0,1,0,0,0,1
LP002098,0,-0.9311069882498455,-1.0,-0.6988155668358715,0.45945945945945943,1.0,1,0,1,1,0,1,0,1,0,0,1,0
LP002112,2,-0.9418676561533705,-0.7281082838313089,-0.43485617597292736,0.45945945945945943,1.0,1,0,1,0,1,1,0,0,1,1,0,0
LP002114,0,-0.9008039579468151,-1.0,-0.790186125211506,0.45945945945945943,1.0,1,1,0,1,0,1,0,1,0,0,1,0
LP002115,3,-0.9382312925170069,-0.9061973579218016,-0.4450084602368868,0.45945945945945943,1.0,0,0,1,0,1,0,1,1,0,1,0,0
LP002116,0,-0.9448855905998764,-1.0,-0.8747884940778343,0.45945945945945943,1.0,0,1,0,1,0,1,0,1,0,1,0,0
LP002119,1,-0.8910575139146568,-0.927357626267104,-0.49576988155668367,0.45945945945945943,1.0,1,0,1,0,1,0,1,1,0,0,0,1
LP002126,3,-0.9252195423623996,-1.0,-0.7800338409475467,0.45945945945945943,1.0,1,0,1,0,1,0,1,1,0,0,1,0
LP002129,0,-0.9418923933209649,-0.8547152525342081,-0.4890016920473774,0.45945945945945943,1.0,1,0,1,0,1,1,0,1,0,0,1,0
LP002131,2,-0.9274458874458875,-0.8718562520317995,-0.6040609137055839,0.45945945945945943,1.0,1,0,1,0,1,0,1,1,0,0,0,1
LP002138,0,-0.9387755102040817,-0.6305819073794958,-0.39763113367174296,0.45945945945945943,1.0,1,0,1,0,1,1,0,1,0,1,0,0
LP002139,0,-0.7790228818800248,-1.0,-0.2588832487309646,0.45945945945945943,1.0,1,0,1,0,1,1,0,1,0,0,1,0
LP002140,0,-0.7872603586889302,-0.7537015692880574,0.011844331641285732,0.45945945945945943,1.0,0,0,1,1,0,1,0,1,0,1,0,0
LP002141,3,-0.9377612863327149,-0.8768803380914384,-0.708967851099831,0.45945945945945943,1.0,1,0,1,0,1,1,0,1,0,1,0,0
LP002142,0,-0.8676561533704391,-1.0,-0.6751269035532996,0.45945945945945943,0.0,0,1,0,0,1,1,0,0,1,1,0,0
LP002143,0,-0.9437724180581324,-0.9701510181162633,-0.5905245346869714,0.45945945945945943,1.0,1,1,0,0,1,1,0,1,0,0,1,0
LP002149,2,-0.7975757575757576,-0.8128084641073381,-0.47208121827411176,0.45945945945945943,1.0,1,0,1,0,1,1,0,1,0,1,0,0
LP002151,1,-0.9078540507111936,-1.0,-0.8037225042301186,0.45945945945945943,1.0,0,0,1,0,1,1,0,1,0,0,0,1
LP002158,0,-0.9294990723562153,-0.9015279132310784,-0.6920473773265652,1.0,0.0,0,0,1,0,1,0,1,1,0,0,0,1
LP002160,3,-0.8758936301793445,-0.8128084641073381,-0.3536379018612522,0.45945945945945943,1.0,1,0,1,0,1,1,0,1,0,0,1,0
LP002161,1,-0.8868769325912184,-1.0,-0.7563451776649748,0.45945945945945943,1.0,0,1,0,1,0,1,0,1,0,0,1,0
LP002170,2,-0.8800247371675943,-0.7832550166976978,-0.2318104906937395,0.45945945945945943,1.0,1,0,1,0,1,1,0,1,0,0,1,0
LP002175,0,-0.8862090290661719,-0.8621036143866182,-0.5905245346869714,0.45945945945945943,1.0,1,0,1,0,1,1,0,1,0,0,0,1
LP002180,0,-0.8349536178107607,-1.0,-0.5532994923857869,0.45945945945945943,1.0,1,0,1,1,0,1,0,0,1,1,0,0
LP002181,0,-0.8499443413729129,-1.0,-0.580372250423012,0.45945945945945943,1.0,0,0,1,1,0,0,1,1,0,1,0,0
LP002187,0,-0.9418676561533705,-1.0,-0.7055837563451778,1.0,1.0,0,0,1,1,0,1,0,1,0,0,1,0
LP002190,1,-0.8472479901051331,-1.0,-0.43824027072758054,0.45945945945945943,1.0,1,0,1,0,1,1,0,1,0,0,1,0
LP002191,0,-0.5156462585034014,-0.6887430918816679,0.898477157360406,0.45945945945945943,1.0,0,0,1,0,1,1,0,1,0,1,0,0
LP002194,0,-0.6138775510204082,-1.0,-0.8443316412859561,0.45945945945945943,1.0,1,1,0,1,0,1,0,0,1,0,1,0
LP002197,2,-0.8754483611626469,-1.0,-0.5059221658206431,0.45945945945945943,1.0,1,0,1,0,1,1,0,1,0,0,1,0
LP002201,2,-0.7730859616573903,-0.5346514170878033,0.2554991539763112,0.18918918918918903,1.0,1,0,1,0,1,1,0,0,1,1,0,0
LP002205,1,-0.927965367965368,-0.8825545999940894,-0.6548223350253808,-0.3513513513513514,0.0,0,0,1,1,0,1,0,1,0,0,0,1
LP002211,0,-0.8845516388373532,-0.9454443360818039,-0.6243654822335026,-0.3513513513513514,1.0,1,0,1,0,1,1,0,1,0,0,0,1
LP002219,3,-0.7872603586889302,-0.7047019534828738,-0.5905245346869714,0.45945945945945943,1.0,1,0,1,0,1,1,0,1,0,1,0,0
LP002224,0,-0.9277922077922078,-1.0,-0.790186125211506,1.0,1.0,0,0,1,1,0,1,0,1,0,0,0,1
LP002225,2,-0.870352504638219,-1.0,-0.5905245346869714,0.45945945945945943,1.0,1,0,1,0,1,1,0,1,0,0,0,1
LP002229,0,-0.8567470624613482,-0.7498596211248042,-0.02876480541455173,0.45945945945945943,1.0,1,0,1,1,0,1,0,1,0,0,1,0
LP002231,0,-0.8552875695732839,-1.0,-0.5025380710659899,0.45945945945945943,1.0,1,1,0,1,0,1,0,1,0,0,0,1
LP002234,0,-0.8264192949907236,-1.0,-0.5972927241962775,0.45945945945945943,1.0,1,0,1,1,0,1,0,0,1,0,0,1
LP002236,2,-0.8907606679035251,-1.0,-0.6920473773265652,0.45945945945945943,1.0,0,0,1,0,1,1,0,1,0,0,0,1
LP002239,0,-0.9456771799628944,-0.905428968289151,-0.5837563451776651,0.45945945945945943,1.0,1,0,1,1,0,0,1,1,0,0,1,0
LP002244,0,-0.9459987631416203,-0.8571386352217987,-0.5702199661590526,0.45945945945945943,1.0,1,0,1,0,1,1,0,1,0,0,0,1
LP002250,0,-0.8679529993815709,-1.0,-0.607445008460237,0.45945945945945943,1.0,1,0,1,0,1,1,0,1,0,1,0,0
LP002255,3,-0.7769449598021028,-1.0,-0.4043993231810492,0.45945945945945943,1.0,1,0,1,1,0,1,0,1,0,1,0,0
LP002262,3,-0.7686085343228201,-1.0,-0.09983079526226746,0.45945945945945943,1.0,1,0,1,0,1,1,0,1,0,1,0,0
LP002265,2,-0.9544094001236859,-0.9039512959186689,-0.6480541455160745,-0.3513513513513514,1.0,1,0,1,0,1,0,1,1,0,0,1,0
LP002266,2,-0.9270253555967842,-0.917250347253007,-0.6480541455160745,0.45945945945945943,1.0,1,0,1,0,1,1,0,1,0,0,0,1
LP002277,0,-0.9250463821892394,-1.0,-0.790186125211506,0.45945945945945943,0.0,0,1,0,1,0,1,0,1,0,0,0,1
LP002281,0,-0.9286827458256031,-0.9137630404586695,-0.708967851099831,0.45945945945945943,1.0,1,0,1,0,1,1,0,1,0,0,0,1
LP002284,0,-0.9071861471861472,-0.9015279132310784,-0.6615905245346871,0.45945945945945943,1.0,1,0,1,1,0,0,1,1,0,1,0,0
LP002287,0,-0.966604823747681,-0.8936075893252948,-0.6818950930626059,0.45945945945945943,0.0,0,1,0,1,0,1,0,1,0,0,1,0
LP002288,2,-0.9322448979591837,-1.0,-0.8781725888324874,-0.3513513513513514,0.0,0,0,1,0,1,0,1,1,0,0,0,1
LP002296,0,-0.9355596784168213,-1.0,-0.8104906937394248,0.18918918918918903,1.0,0,0,1,1,0,0,1,1,0,1,0,0
LP002297,0,-0.9418676561533705,0.1821378963856135,-0.6818950930626059,0.45945945945945943,1.0,1,0,1,1,0,1,0,1,0,0,1,0
LP002300,0,-0.9551515151515152,-1.0,-0.8510998307952624,0.45945945945945943,1.0,1,1,0,1,0,0,1,1,0,0,1,0
LP002301,0,-0.8196413110698826,-1.0,-0.37394247038917106,0.45945945945945943,1.0,0,1,0,1,0,1,0,0,1,1,0,0
LP002305,0,-0.891230674087817,-1.0,-0.6412859560067683,0.45945945945945943,1.0,1,1,0,1,0,1,0,1,0,0,1,0
LP002308,0,-0.9501051329622758,-0.8581434524337264,-0.6412859560067683,0.45945945945945943,1.0,1,0,1,0,1,0,1,1,0,0,0,1
LP002314,0,-0.9489672232529376,-1.0,-0.8071065989847717,0.45945945945945943,1.0,1,1,0,1,0,0,1,1,0,1,0,0
LP002315,1,-0.7983920841063699,-1.0,-0.5160744500846025,0.18918918918918903,0.0,0,0,1,0,1,1,0,1,0,0,1,0
LP002317,3,1.0000000000000002,-1.0,0.18781725888324852,0.45945945945945943,0.0,0,0,1,0,1,1,0,1,0,1,0,0
LP002318,1,-0.9080519480519481,-1.0,-0.8206429780033841,0.45945945945945943,1.0,0,1,0,1,0,0,1,0,1,0,1,0
LP002328,0,-0.8529128014842301,-1.0,-0.2927241962774959,0.45945945945945943,0.0,0,0,1,0,1,0,1,1,0,1,0,0
LP002332,0,-0.9479777365491652,-0.8798356828324024,-0.658206429780034,0.45945945945945943,1.0,1,0,1,0,1,0,1,1,0,1,0,0
LP002335,0,-0.9505504019789734,-0.8086709814699885,-0.4280879864636211,0.45945945945945943,0.0,0,1,0,0,1,0,1,1,0,0,1,0
LP002337,0,-0.9296227581941868,-1.0,-0.8274111675126905,0.45945945945945943,1.0,1,1,0,1,0,1,0,1,0,0,0,1
LP002341,1,-0.9393939393939394,-1.0,-0.4890016920473774,0.45945945945945943,1.0,0,1,0,1,0,1,0,1,0,0,0,1
LP002342,2,-0.9641311069882499,0.1821378963856135,-0.22165820642978018,0.45945945945945943,1.0,0,0,1,0,1,1,0,0,1,0,0,1
LP002345,0,-0.9783549783549784,-0.8360965806661347,-0.6514382402707277,0.45945945945945943,1.0,1,0,1,0,1,1,0,1,0,1,0,0
LP002347,0,-0.9234137291280149,-0.9162455300410793,-0.5634517766497463,0.45945945945945943,1.0,1,0,1,0,1,1,0,1,0,0,1,0
LP002348,0,-0.859517625231911,-1.0,-0.5634517766497463,0.45945945945945943,1.0,1,0,1,0,1,1,0,1,0,1,0,0
LP002361,0,-0.9586889301175016,-0.8983952478056565,-0.6920473773265652,0.45945945945945943,1.0,1,0,1,0,1,1,0,1,0,0,0,1
LP002364,0,-0.6356215213358071,-1.0,-0.7055837563451778,0.45945945945945943,1.0,1,0,1,0,1,1,0,1,0,0,1,0
LP002366,0,-0.9377612863327149,-0.7458403522770931,-0.6209813874788495,0.45945945945945943,1.0,1,0,1,0,1,1,0,1,0,1,0,0
LP002367,1,-0.8897711811997526,-1.0,-0.7563451776649748,0.45945945945945943,1.0,0,1,0,1,0,0,1,1,0,1,0,0
LP002368,2,-0.8568954854669141,-1.0,-0.580372250423012,0.45945945945945943,1.0,1,0,1,0,1,1,0,1,0,0,1,0
LP002369,0,-0.9314780457637601,-0.9990471968058634,-0.7360406091370559,0.45945945945945943,1.0,1,0,1,0,1,1,0,1,0,1,0,0
LP002370,0,-0.9364996907854051,-1.0,-0.8274111675126905,-0.3513513513513514,1.0,1,0,1,1,0,0,1,1,0,0,0,1
LP002377,1,-0.7903772418058133,-1.0,-0.5228426395939088,0.45945945945945943,1.0,1,1,0,1,0,1,0,0,1,0,1,0
LP002379,0,-0.8429189857761287,-1.0,-0.6751269035532996,0.45945945945945943,0.0,0,0,1,1,0,1,0,1,0,1,0,0
LP002387,0,-0.9437229437229437,-0.8616898661228832,-0.5465313028764807,0.45945945945945943,1.0,1,0,1,0,1,1,0,1,0,0,1,0
LP002390,0,-0.9109461966604824,-1.0,-0.6920473773265652,0.45945945945945943,1.0,1,0,1,1,0,1,0,1,0,0,0,1
LP002398,0,-0.9560667903525047,-0.8905931376895115,-0.8612521150592217,0.45945945945945943,1.0,1,0,1,1,0,1,0,1,0,0,1,0
LP002403,0,-0.7460482374768089,-1.0,-0.39763113367174296,0.45945945945945943,0.0,0,0,1,1,0,1,0,0,1,0,0,1
LP002407,0,-0.8270377241805814,-1.0,-0.5634517766497463,0.45945945945945943,1.0,1,1,0,0,1,0,1,0,1,1,0,0
LP002408,0,-0.9131725417439703,-0.7006826846351627,-0.39763113367174296,0.45945945945945943,1.0,1,0,1,1,0,1,0,1,0,0,1,0
LP002409,0,-0.8082622139764998,-0.8916570617962585,-0.4213197969543149,0.45945945945945943,1.0,1,0,1,0,1,1,0,1,0,1,0,0
LP002418,3,-0.8872727272727273,-0.8821999586251736,-0.529610829103215,0.45945945945945943,1.0,1,0,1,1,0,0,1,1,0,0,1,0
LP002422,1,-0.07064935064935063,-1.0,-0.5160744500846025,0.45945945945945943,1.0,1,0,1,1,0,1,0,1,0,0,1,0
LP002429,1,-0.9179715522572666,-0.9284806572686704,-0.5905245346869714,0.45945945945945943,1.0,1,0,1,0,1,1,0,0,1,1,0,0
LP002434,2,-0.8886332714904144,-1.0,-0.658206429780034,0.45945945945945943,1.0,1,0,1,0,1,0,1,1,0,1,0,0
LP002443,2,-0.9210884353741497,-0.8989272098590301,-0.5228426395939088,0.45945945945945943,0.0,0,0,1,0,1,1,0,1,0,1,0,0
LP002446,2,-0.9465924551638838,-0.9258208470018028,-0.607445008460237,0.45945945945945943,0.0,0,0,1,0,1,0,1,1,0,1,0,0
LP002448,0,-0.906048237476809,-0.8975677512781866,-0.5262267343485618,0.45945945945945943,0.0,0,0,1,0,1,1,0,1,0,1,0,0
LP002449,0,-0.9422881880024738,-0.8542423973756539,-0.7258883248730965,-0.3513513513513514,0.0,1,0,1,0,1,1,0,1,0,1,0,0
LP002453,0,-0.8284477427334571,-1.0,-0.7461928934010154,0.45945945945945943,1.0,1,0,1,1,0,1,0,0,1,0,1,0
LP002455,2,-0.9082498453927026,-1.0,-0.7055837563451778,0.45945945945945943,1.0,1,0,1,0,1,1,0,1,0,0,1,0
LP002459,0,-0.8973160173160174,-1.0,-0.6311336717428089,0.45945945945945943,1.0,1,0,1,0,1,1,0,1,0,0,0,1
LP002467,0,-0.9119851576994434,-0.848154387209268,-0.4450084602368868,0.45945945945945943,1.0,0,0,1,0,1,1,0,1,0,0,0,1
LP002472,2,-0.8960049474335189,-1.0,-0.5702199661590526,0.45945945945945943,1.0,1,0,1,1,0,1,0,1,0,1,0,0
LP002473,0,-0.7975510204081633,-1.0,-0.4890016920473774,0.45945945945945943,1.0,0,0,1,0,1,1,0,1,0,0,1,0
LP002484,3,-0.8122448979591838,-1.0,-0.5972927241962775,-0.3513513513513514,1.0,1,0,1,0,1,1,0,1,0,0,0,1
LP002487,0,-0.9291280148423007,-0.870674114135414,-0.5126903553299493,0.45945945945945943,1.0,1,0,1,0,1,1,0,1,0,1,0,0
LP002493,0,-0.9006555349412493,-1.0,-0.6988155668358715,0.45945945945945943,0.0,0,0,1,1,0,1,0,1,0,0,1,0
LP002494,0,-0.8552875695732839,-1.0,-0.5566835871404401,0.45945945945945943,1.0,1,0,1,1,0,1,0,1,0,1,0,0
LP002500,3,-0.9308101422387137,-0.901646127020717,-0.7935702199661592,-0.3513513513513514,0.0,0,0,1,0,1,0,1,1,0,0,0,1
LP002505,0,-0.8965244279529995,-0.8551290007979431,-0.658206429780034,0.45945945945945943,1.0,0,0,1,0,1,1,0,1,0,0,0,1
LP002515,1,-0.9183673469387755,-0.8771167656707155,-0.4822335025380712,0.45945945945945943,1.0,1,0,1,0,1,1,0,0,1,0,1,0
LP002517,1,-0.938082869511441,-0.911339657771079,-0.6480541455160745,-0.3513513513513514,0.0,0,0,1,0,1,0,1,1,0,1,0,0
LP002519,3,-0.8876685219542363,-1.0,-0.6920473773265652,0.45945945945945943,1.0,1,0,1,0,1,1,0,1,0,0,1,0
LP002524,2,-0.8668645640074212,-0.7252711528799834,-0.4822335025380712,0.45945945945945943,1.0,1,0,1,1,0,1,0,1,0,1,0,0
LP002527,2,-0.5949288806431664,-0.9400656086532494,-0.5228426395939088,0.45945945945945943,1.0,1,0,1,0,1,1,0,0,1,1,0,0
LP002529,2,-0.8379715522572666,-0.8965629340662589,-0.25211505922165833,0.18918918918918903,1.0,1,0,1,0,1,1,0,1,0,0,1,0
LP002531,1,-0.5914162028447743,-0.8670094866566185,-0.739424703891709,0.45945945945945943,1.0,1,0,1,0,1,1,0,0,1,0,1,0
LP002534,0,-0.8961038961038962,-1.0,-0.5093062605752963,0.45945945945945943,1.0,1,1,0,1,0,0,1,1,0,1,0,0
LP002536,3,-0.9271490414347557,-1.0,-0.6480541455160745,0.45945945945945943,1.0,1,0,1,0,1,0,1,1,0,1,0,0
LP002537,0,-0.952183055040198,-0.8138132813192659,-0.5972927241962775,0.45945945945945943,1.0,1,0,1,0,1,1,0,1,0,0,1,0
LP002541,0,-0.7357328385899815,-1.0,-0.23857868020304585,0.45945945945945943,1.0,1,0,1,0,1,1,0,1,0,0,1,0
LP002543,2,-0.7975757575757576,-1.0,-0.19796954314720827,0.45945945945945943,1.0,1,0,1,0,1,1,0,1,0,0,1,0
LP002544,1,-0.9552752009894868,-0.8560156042202323,-0.5871404399323182,0.45945945945945943,1.0,1,0,1,0,1,0,1,1,0,1,0,0
LP002545,2,-0.9159678416821274,-1.0,-0.7597292724196278,0.45945945945945943,0.0,0,0,1,1,0,1,0,1,0,1,0,0
LP002547,1,-0.5502040816326531,-1.0,0.6615905245346869,0.45945945945945943,1.0,0,0,1,0,1,1,0,1,0,0,0,1
LP002555,2,-0.8903401360544219,-0.8768803380914384,-0.4890016920473774,0.45945945945945943,1.0,1,0,1,0,1,1,0,0,1,0,1,0
LP002556,0,-0.9434755720470007,-1.0,-0.7766497461928935,0.45945945945945943,1.0,0,0,1,1,0,1,0,1,0,0,0,1
LP002571,0,-0.9124056895485467,-1.0,-0.658206429780034,0.45945945945945943,1.0,1,0,1,1,0,0,1,1,0,1,0,0
LP002582,0,-0.5766728509585652,-1.0,-0.269035532994924,0.45945945945945943,1.0,1,1,0,1,0,0,1,0,1,0,1,0
LP002585,0,-0.914730983302412,-0.8725064278748116,-0.6277495769881558,0.45945945945945943,0.0,0,0,1,0,1,1,0,1,0,1,0,0
LP002586,1,-0.9214347557204701,-0.9460354050299967,-0.6751269035532996,-0.7837837837837839,1.0,1,1,0,0,1,1,0,1,0,0,1,0
LP002587,0,-0.9393939393939394,-0.8995182788072229,-0.6683587140439933,0.45945945945945943,1.0,1,0,1,0,1,0,1,1,0,1,0,0
LP002600,1,-0.9320964749536179,-1.0,-0.708967851099831,0.45945945945945943,1.0,1,0,1,0,1,1,0,0,1,0,1,0
LP002602,0,-0.848286951144094,-0.7389839524780566,-0.32318104906937406,0.45945945945945943,0.0,0,0,1,1,0,1,0,1,0,1,0,0
LP002603,0,-0.9877551020408164,-0.7823093063805893,-0.6480541455160745,1.0,1.0,1,1,0,1,0,1,0,1,0,1,0,0
LP002606,0,-0.9255658627087199,-1.0,-0.6920473773265652,0.45945945945945943,1.0,1,1,0,1,0,1,0,1,0,0,1,0
LP002615,2,-0.8833642547928263,-0.6675828235363654,-0.32656514382402724,0.45945945945945943,1.0,1,0,1,0,1,1,0,1,0,0,1,0
LP002619,0,-0.9093630179344465,-0.9123444749830067,-0.6108291032148901,0.18918918918918903,1.0,1,0,1,0,1,0,1,1,0,0,1,0
LP002622,2,-0.916883116883117,-0.7389839524780566,-0.20812182741116758,0.45945945945945943,1.0,1,0,1,0,1,1,0,1,0,1,0,0
LP002626,0,-0.942387136672851,-0.8219109259095073,-0.3942470389170898,0.45945945945945943,1.0,1,0,1,0,1,1,0,0,1,0,0,1
LP002634,1,-0.6756462585034014,-1.0,-0.895093062605753,0.45945945945945943,1.0,1,1,0,1,0,1,0,1,0,0,0,1
LP002637,0,-0.9147062461348177,-0.9239294263675858,-0.6920473773265652,0.45945945945945943,1.0,0,0,1,1,0,0,1,1,0,1,0,0
LP002640,1,-0.8536796536796537,-0.8815497827821616,-0.18443316412859567,0.45945945945945943,1.0,1,0,1,0,1,1,0,1,0,0,1,0
LP002643,2,-0.9224984539270255,-0.8797174690427638,-0.529610829103215,0.45945945945945943,1.0,1,0,1,0,1,1,0,1,0,0,0,1
LP002648,0,-0.9510204081632654,-0.6059934391346751,-0.7935702199661592,-0.3513513513513514,1.0,0,0,1,0,1,1,0,1,0,0,1,0
LP002652,0,-0.8598639455782313,-0.7833141235925171,0.021996615905245154,0.45945945945945943,1.0,0,0,1,1,0,1,0,1,0,1,0,0
LP002659,3,-0.9179715522572666,-0.7973815645595059,-0.5228426395939088,0.45945945945945943,1.0,1,0,1,0,1,1,0,1,0,1,0,0
LP002670,2,-0.9534693877551021,-0.903537547654934,-0.6480541455160745,1.0,1.0,1,1,0,0,1,1,0,1,0,0,1,0
LP002683,0,-0.8878664192949908,-0.8868102964210776,-0.4043993231810492,0.45945945945945943,1.0,0,0,1,1,0,1,0,1,0,0,1,0
LP002684,0,-0.9196042053184911,-1.0,-0.708967851099831,0.45945945945945943,1.0,0,1,0,1,0,0,1,1,0,1,0,0
LP002689,2,-0.9494867037724182,-0.8970357892248131,-0.8781725888324874,0.45945945945945943,1.0,1,0,1,0,1,0,1,1,0,0,1,0
LP002690,0,-0.9418676561533705,-1.0,-0.8443316412859561,0.45945945945945943,1.0,1,0,1,1,0,1,0,1,0,0,1,0
LP002692,3,-0.8632776747062462,-0.9158317817773444,-0.6920473773265652,0.45945945945945943,1.0,1,0,1,0,1,1,0,0,1,1,0,0
LP002693,2,-0.8070995670995671,-0.5764399917250347,0.5939086294416243,0.45945945945945943,1.0,1,0,1,0,1,1,0,0,1,1,0,0
LP002699,2,-0.5708101422387137,-1.0,0.32318104906937384,0.45945945945945943,1.0,1,0,1,0,1,1,0,0,1,1,0,0
LP002705,0,-0.9103277674706247,-1.0,-0.658206429780034,0.45945945945945943,1.0,1,0,1,0,1,1,0,1,0,0,1,0
LP002706,1,-0.8729746444032159,-0.9154771404084286,-0.48561759729272436,0.45945945945945943,0.0,1,0,1,0,1,0,1,1,0,0,1,0
LP002714,1,-0.937439703153989,-0.9230428229452966,-0.712351945854484,0.45945945945945943,1.0,1,0,1,1,0,0,1,1,0,0,1,0
LP002716,0,-0.8359183673469388,-1.0,-0.5905245346869714,0.45945945945945943,1.0,1,0,1,1,0,0,1,1,0,0,1,0
LP002720,3,-0.8978107606679036,-1.0,-0.6920473773265652,0.45945945945945943,1.0,1,0,1,0,1,1,0,1,0,0,0,1
LP002723,2,-0.9149536178107607,-1.0,-0.658206429780034,0.45945945945945943,0.0,0,0,1,1,0,1,0,1,0,1,0,0
LP002731,0,-0.5543599257884972,-1.0,-0.607445008460237,0.45945945945945943,1.0,1,1,0,1,0,0,1,0,1,0,0,1
LP002734,0,-0.8519975262832407,-0.7691284688358897,0.0659898477157359,0.45945945945945943,1.0,1,0,1,0,1,1,0,1,0,0,0,1
LP002738,2,-0.9142362399505257,-1.0,-0.6683587140439933,0.45945945945945943,1.0,1,0,1,1,0,1,0,1,0,0,1,0
LP002739,0,-0.931552257266543,-0.9683187043768655,-0.8071065989847717,0.45945945945945943,1.0,0,0,1,0,1,0,1,1,0,1,0,0
LP002740,3,-0.8449721706864565,-1.0,-0.49915397631133684,-0.3513513513513514,1.0,1,0,1,0,1,1,0,1,0,1,0,0
LP002741,1,-0.8897217068645641,-0.8318408842391465,-0.5566835871404401,-0.3513513513513514,1.0,1,1,0,0,1,1,0,1,0,0,1,0
LP002743,0,-0.9508225108225109,-1.0,-0.6954314720812184,0.45945945945945943,0.0,0,1,0,1,0,1,0,1,0,0,1,0
LP002755,1,-0.9483240568954855,-0.8508141974761356,-0.5972927241962775,0.45945945945945943,1.0,1,0,1,0,1,0,1,1,0,0,0,1
LP002767,0,-0.9352380952380953,-0.8847415551024027,-0.5059221658206431,0.45945945945945943,1.0,1,0,1,0,1,1,0,1,0,1,0,0
LP002768,0,-0.9206431663574521,-1.0,-0.7597292724196278,-1.0,1.0,0,0,1,1,0,0,1,1,0,0,1,0
LP002772,0,-0.9412244897959184,-0.8946124065372225,-0.5397631133671743,0.45945945945945943,1.0,1,0,1,1,0,1,0,1,0,1,0,0
LP002776,0,-0.8800247371675943,-1.0,-0.6818950930626059,0.45945945945945943,0.0,0,1,0,1,0,1,0,1,0,0,1,0
LP002777,0,-0.934817563388992,-0.8808405000443301,-0.658206429780034,0.45945945945945943,1.0,1,0,1,0,1,1,0,1,0,1,0,0
LP002785,1,-0.9212615955473099,-0.8079025918373378,-0.49576988155668367,0.45945945945945943,1.0,1,0,1,0,1,1,0,1,0,0,0,1
LP002788,0,-0.9430055658627088,-0.8621036143866182,-0.4179357021996617,0.45945945945945943,0.0,0,0,1,0,1,0,1,1,0,0,0,1
LP002789,0,-0.9148299319727892,-0.7478499867009487,-0.5837563451776651,-0.3513513513513514,0.0,0,0,1,0,1,1,0,1,0,1,0,0
LP002792,1,-0.868447742733457,-0.9390016845465023,-0.9424703891708969,0.45945945945945943,1.0,1,0,1,0,1,1,0,1,0,0,1,0
LP002795,3,-0.752900432900433,-1.0,-0.15059221658206445,0.45945945945945943,1.0,1,0,1,0,1,1,0,0,1,0,1,0
LP002798,0,-0.907557204700062,-0.8422436977273399,-0.4822335025380712,0.45945945945945943,1.0,1,0,1,0,1,1,0,1,0,0,1,0
LP002804,0,-0.900309214594929,-0.8636995005467387,-0.4145516074450085,0.45945945945945943,1.0,1,1,0,0,1,1,0,1,0,0,1,0
LP002807,2,-0.9128014842300557,-0.985696131453734,-0.6649746192893402,0.45945945945945943,1.0,1,0,1,0,1,0,1,1,0,0,1,0
LP002813,1,-0.5217316017316018,-1.0,0.9999999999999998,0.45945945945945943,1.0,1,1,0,0,1,1,0,0,1,0,1,0
LP002820,0,-0.8571923314780459,-0.8785944380411975,-0.3164128595600678,0.45945945945945943,1.0,1,0,1,0,1,1,0,1,0,1,0,0
LP002821,0,-0.860235003092146,-1.0,-0.5837563451776651,0.45945945945945943,1.0,1,0,1,1,0,0,1,0,1,0,1,0
LP002832,2,-0.786048237476809,-1.0,-0.1573604060913707,0.45945945945945943,0.0,0,0,1,0,1,1,0,1,0,0,0,1
LP002836,0,-0.9212615955473099,-1.0,-0.7935702199661592,0.45945945945945943,1.0,1,0,1,1,0,1,0,1,0,0,0,1
LP002837,3,-0.9196042053184911,-0.8522327629517983,-0.6142131979695433,0.45945945945945943,0.0,0,0,1,0,1,1,0,1,0,1,0,0
LP002840,0,-0.9448855905998764,-1.0,-1.0,0.45945945945945943,1.0,0,1,0,1,0,1,0,1,0,0,0,1
LP002841,0,-0.9253927025355597,-0.8780033690930047,-0.6785109983079527,0.45945945945945943,0.0,0,0,1,0,1,1,0,1,0,0,0,1
LP002842,1,-0.9191836734693878,-0.8965629340662589,-0.40101522842639603,0.45945945945945943,1.0,1,0,1,0,1,1,0,1,0,0,0,1
LP002855,2,-0.5914409400123686,-1.0,-0.09983079526226746,0.45945945945945943,1.0,1,0,1,0,1,1,0,1,0,0,0,1
LP002862,2,-0.8521954236239951,-0.9039512959186689,-0.39763113367174296,1.0,1.0,0,0,1,0,1,0,1,1,0,0,1,0
LP002863,3,-0.8452442795299939,-1.0,-0.5228426395939088,0.45945945945945943,1.0,0,0,1,0,1,1,0,1,0,0,1,0
LP002868,2,-0.9255658627087199,-0.9727517214883116,-0.6649746192893402,-0.7837837837837839,1.0,1,0,1,0,1,1,0,1,0,0,0,1
LP002874,0,-0.9238342609771182,-0.8381062150899903,-0.658206429780034,0.45945945945945943,1.0,1,0,1,1,0,1,0,1,0,0,0,1
LP002877,1,-0.9596289424860854,-0.8680734107633655,-0.6683587140439933,0.45945945945945943,1.0,1,0,1,0,1,1,0,1,0,1,0,0
LP002892,2,-0.8419294990723563,-1.0,-0.33671742808798655,0.45945945945945943,1.0,1,0,1,0,1,1,0,1,0,0,1,0
LP002893,0,-0.9582931354359926,1.0,-0.7258883248730965,0.45945945945945943,1.0,0,0,1,1,0,1,0,1,0,0,0,1
LP002894,0,-0.9253927025355597,-1.0,-0.9086294416243655,0.45945945945945943,1.0,1,1,0,0,1,1,0,1,0,0,1,0
LP002911,1,-0.9347680890538034,-0.886692082631439,-0.5363790186125212,0.45945945945945943,0.0,0,0,1,0,1,1,0,1,0,1,0,0
LP002912,1,-0.8977612863327149,-0.822679315542158,-0.44839255499153985,-0.7837837837837839,1.0,0,0,1,0,1,1,0,1,0,1,0,0
LP002916,0,-0.9468893011750156,-0.9100393060850548,-0.6785109983079527,0.45945945945945943,1.0,1,0,1,0,1,1,0,1,0,0,0,1
LP002917,0,-0.9501546072974645,-1.0,-0.7935702199661592,0.45945945945945943,1.0,1,1,0,1,0,0,1,1,0,0,1,0
LP002926,2,-0.9362770562770564,-1.0,-0.6717428087986465,0.45945945945945943,0.0,0,0,1,0,1,1,0,0,1,0,1,0
LP002928,0,-0.9294990723562153,-0.7980908472973373,-0.840947546531303,-0.3513513513513514,1.0,1,0,1,0,1,1,0,1,0,0,1,0
LP002931,2,-0.8552875695732839,-1.0,-0.33671742808798655,-0.08108108108108114,1.0,0,0,1,0,1,1,0,0,1,0,1,0
LP002936,0,-0.9082498453927026,-0.8049472470963738,-0.5499153976311337,-0.3513513513513514,1.0,1,0,1,0,1,1,0,1,0,1,0,0
LP002938,0,-0.6049474335188622,-1.0,-0.15059221658206445,0.45945945945945943,1.0,1,0,1,0,1,1,0,0,1,0,0,1
LP002940,0,-0.9088930117501547,-1.0,-0.658206429780034,0.45945945945945943,1.0,1,0,1,1,0,0,1,1,0,1,0,0
LP002941,2,-0.845813234384663,-0.9408931051807193,-0.39763113367174296,0.45945945945945943,1.0,0,0,1,0,1,0,1,0,1,1,0,0
LP002945,0,-0.7572541743970316,-1.0,-0.4213197969543149,0.45945945945945943,1.0,1,0,1,0,1,1,0,0,1,1,0,0
LP002948,2,-0.8607297464440322,-1.0,-0.3807106598984773,0.45945945945945943,1.0,1,0,1,0,1,1,0,1,0,0,0,1
LP002953,3,-0.8626345083487941,-1.0,-0.5972927241962775,0.45945945945945943,1.0,1,0,1,0,1,1,0,1,0,0,0,1
LP002958,0,-0.9127767470624614,-0.7457812453822739,-0.44839255499153985,0.45945945945945943,1.0,1,0,1,1,0,1,0,1,0,1,0,0
LP002959,1,-0.7068645640074211,-1.0,0.6480541455160742,0.45945945945945943,1.0,1,1,0,0,1,1,0,1,0,0,1,0
LP002961,1,-0.9196042053184911,-0.8522327629517983,-0.4450084602368868,0.45945945945945943,1.0,1,0,1,0,1,1,0,1,0,0,1,0
LP002964,2,-0.9050834879406309,-0.916600171409995,-0.49915397631133684,0.45945945945945943,1.0,1,0,1,0,1,0,1,1,0,1,0,0
LP002974,0,-0.9237600494743352,-0.8847415551024027,-0.6649746192893402,0.45945945945945943,1.0,1,0,1,0,1,1,0,1,0,1,0,0
LP002978,0,-0.9319727891156463,-1.0,-0.790186125211506,0.45945945945945943,1.0,1,1,0,1,0,1,0,1,0,1,0,0
LP002979,3,-0.902139764996908,-1.0,-0.895093062605753,-0.3513513513513514,1.0,1,0,1,0,1,1,0,1,0,1,0,0
LP002983,1,-0.8040321583178727,-0.9858143452433726,-0.17428087986463636,0.45945945945945943,1.0,1,0,1,0,1,1,0,1,0,0,0,1
LP002984,2,-0.8161286332714904,-1.0,-0.39763113367174296,0.45945945945945943,1.0,1,0,1,0,1,1,0,1,0,0,0,1
LP002990,0,-0.8903401360544219,-1.0,-0.580372250423012,0.45945945945945943,0.0,0,1,0,1,0,1,0,0,1,0,1,0
