,Loan_ID,Gender,Married,Dependents,Education,Self_Employed,ApplicantIncome,CoapplicantIncome,LoanAmount,Loan_Amount_Term,Credit_History,Property_Area,Loan_Status
0,LP001002,1.0,0.0,0.0,0.0,0.0,5849.0,0.0,128.0,360.0,1.0,2.0,1.0
1,LP001003,1.0,1.0,1.0,0.0,0.0,4583.0,1508.0,128.0,360.0,1.0,0.0,0.0
2,LP001005,1.0,1.0,0.0,0.0,1.0,3000.0,0.0,66.0,360.0,1.0,2.0,1.0
3,LP001006,1.0,1.0,0.0,1.0,0.0,2583.0,2358.0,120.0,360.0,1.0,2.0,1.0
4,LP001008,1.0,0.0,0.0,0.0,0.0,6000.0,0.0,141.0,360.0,1.0,2.0,1.0
5,LP001011,1.0,1.0,2.0,0.0,1.0,5417.0,4196.0,267.0,360.0,1.0,2.0,1.0
6,LP001013,1.0,1.0,0.0,1.0,0.0,2333.0,1516.0,95.0,360.0,1.0,2.0,1.0
7,LP001014,1.0,1.0,3.0,0.0,0.0,3036.0,2504.0,158.0,360.0,0.0,1.0,0.0
8,LP001018,1.0,1.0,2.0,0.0,0.0,4006.0,1526.0,168.0,360.0,1.0,2.0,1.0
9,LP001020,1.0,1.0,1.0,0.0,0.0,12841.0,10968.0,349.0,360.0,1.0,1.0,0.0
10,LP001024,1.0,1.0,2.0,0.0,0.0,3200.0,700.0,70.0,360.0,1.0,2.0,1.0
11,LP001027,1.0,1.0,2.0,0.0,-1.0,2500.0,1840.0,109.0,360.0,1.0,2.0,1.0
12,LP001028,1.0,1.0,2.0,0.0,0.0,3073.0,8106.0,200.0,360.0,1.0,2.0,1.0
13,LP001029,1.0,0.0,0.0,0.0,0.0,1853.0,2840.0,114.0,360.0,1.0,0.0,0.0
14,LP001030,1.0,1.0,2.0,0.0,0.0,1299.0,1086.0,17.0,120.0,1.0,2.0,1.0
15,LP001032,1.0,0.0,0.0,0.0,0.0,4950.0,0.0,125.0,360.0,1.0,2.0,1.0
16,LP001034,1.0,0.0,1.0,1.0,0.0,3596.0,0.0,100.0,240.0,1.0,2.0,1.0
17,LP001036,0.0,0.0,0.0,0.0,0.0,3510.0,0.0,76.0,360.0,0.0,2.0,0.0
18,LP001038,1.0,1.0,0.0,1.0,0.0,4887.0,0.0,133.0,360.0,1.0,0.0,0.0
19,LP001041,1.0,1.0,0.0,0.0,-1.0,2600.0,3500.0,115.0,360.0,1.0,2.0,1.0
20,LP001043,1.0,1.0,0.0,1.0,0.0,7660.0,0.0,104.0,360.0,0.0,2.0,0.0
21,LP001046,1.0,1.0,1.0,0.0,0.0,5955.0,5625.0,315.0,360.0,1.0,2.0,1.0
22,LP001047,1.0,1.0,0.0,1.0,0.0,2600.0,1911.0,116.0,360.0,0.0,1.0,0.0
23,LP001050,-1.0,1.0,2.0,1.0,0.0,3365.0,1917.0,112.0,360.0,0.0,0.0,0.0
24,LP001052,1.0,1.0,1.0,0.0,-1.0,3717.0,2925.0,151.0,360.0,1.0,1.0,0.0
25,LP001066,1.0,1.0,0.0,0.0,1.0,9560.0,0.0,191.0,360.0,1.0,1.0,1.0
26,LP001068,1.0,1.0,0.0,0.0,0.0,2799.0,2253.0,122.0,360.0,1.0,1.0,1.0
27,LP001073,1.0,1.0,2.0,1.0,0.0,4226.0,1040.0,110.0,360.0,1.0,2.0,1.0
28,LP001086,1.0,0.0,0.0,1.0,0.0,1442.0,0.0,35.0,360.0,1.0,2.0,0.0
29,LP001087,0.0,0.0,2.0,0.0,-1.0,3750.0,2083.0,120.0,360.0,1.0,1.0,1.0
30,LP001091,1.0,1.0,1.0,0.0,-1.0,4166.0,3369.0,201.0,360.0,1.0,2.0,0.0
31,LP001095,1.0,0.0,0.0,0.0,0.0,3167.0,0.0,74.0,360.0,1.0,2.0,0.0
32,LP001097,1.0,0.0,1.0,0.0,1.0,4692.0,0.0,106.0,360.0,1.0,0.0,0.0
33,LP001098,1.0,1.0,0.0,0.0,0.0,3500.0,1667.0,114.0,360.0,1.0,1.0,1.0
34,LP001100,1.0,0.0,3.0,0.0,0.0,12500.0,3000.0,320.0,360.0,1.0,0.0,0.0
35,LP001106,1.0,1.0,0.0,0.0,0.0,2275.0,2067.0,128.0,360.0,1.0,2.0,1.0
36,LP001109,1.0,1.0,0.0,0.0,0.0,1828.0,1330.0,100.0,360.0,0.0,2.0,0.0
37,LP001112,0.0,1.0,0.0,0.0,0.0,3667.0,1459.0,144.0,360.0,1.0,1.0,1.0
38,LP001114,1.0,0.0,0.0,0.0,0.0,4166.0,7210.0,184.0,360.0,1.0,2.0,1.0
39,LP001116,1.0,0.0,0.0,1.0,0.0,3748.0,1668.0,110.0,360.0,1.0,1.0,1.0
40,LP001119,1.0,0.0,0.0,0.0,0.0,3600.0,0.0,80.0,360.0,1.0,2.0,0.0
41,LP001120,1.0,0.0,0.0,0.0,0.0,1800.0,1213.0,47.0,360.0,1.0,2.0,1.0
42,LP001123,1.0,1.0,0.0,0.0,0.0,2400.0,0.0,75.0,360.0,1.0,2.0,1.0
43,LP001131,1.0,1.0,0.0,0.0,0.0,3941.0,2336.0,134.0,360.0,1.0,1.0,1.0
44,LP001136,1.0,1.0,0.0,1.0,1.0,4695.0,0.0,96.0,360.0,1.0,2.0,1.0
45,LP001137,0.0,0.0,0.0,0.0,0.0,3410.0,0.0,88.0,360.0,1.0,2.0,1.0
46,LP001138,1.0,1.0,1.0,0.0,0.0,5649.0,0.0,44.0,360.0,1.0,2.0,1.0
47,LP001144,1.0,1.0,0.0,0.0,0.0,5821.0,0.0,144.0,360.0,1.0,2.0,1.0
48,LP001146,0.0,1.0,0.0,0.0,0.0,2645.0,3440.0,120.0,360.0,0.0,2.0,0.0
49,LP001151,0.0,0.0,0.0,0.0,0.0,4000.0,2275.0,144.0,360.0,1.0,1.0,1.0
50,LP001155,0.0,1.0,0.0,1.0,0.0,1928.0,1644.0,100.0,360.0,1.0,1.0,1.0
51,LP001157,0.0,0.0,0.0,0.0,0.0,3086.0,0.0,120.0,360.0,1.0,1.0,1.0
52,LP001164,0.0,0.0,0.0,0.0,0.0,4230.0,0.0,112.0,360.0,1.0,1.0,0.0
53,LP001179,1.0,1.0,2.0,0.0,0.0,4616.0,0.0,134.0,360.0,1.0,2.0,0.0
54,LP001186,0.0,1.0,1.0,0.0,1.0,11500.0,0.0,286.0,360.0,0.0,2.0,0.0
55,LP001194,1.0,1.0,2.0,0.0,0.0,2708.0,1167.0,97.0,360.0,1.0,1.0,1.0
56,LP001195,1.0,1.0,0.0,0.0,0.0,2132.0,1591.0,96.0,360.0,1.0,1.0,1.0
57,LP001197,1.0,1.0,0.0,0.0,0.0,3366.0,2200.0,135.0,360.0,1.0,0.0,0.0
58,LP001198,1.0,1.0,1.0,0.0,0.0,8080.0,2250.0,180.0,360.0,1.0,2.0,1.0
59,LP001199,1.0,1.0,2.0,1.0,0.0,3357.0,2859.0,144.0,360.0,1.0,2.0,1.0
60,LP001205,1.0,1.0,0.0,0.0,0.0,2500.0,3796.0,120.0,360.0,1.0,2.0,1.0
61,LP001206,1.0,1.0,3.0,0.0,0.0,3029.0,0.0,99.0,360.0,1.0,2.0,1.0
62,LP001207,1.0,1.0,0.0,1.0,1.0,2609.0,3449.0,165.0,180.0,0.0,0.0,0.0
63,LP001213,1.0,1.0,1.0,0.0,0.0,4945.0,0.0,128.0,360.0,0.0,0.0,0.0
64,LP001222,0.0,0.0,0.0,0.0,0.0,4166.0,0.0,116.0,360.0,0.0,1.0,0.0
65,LP001225,1.0,1.0,0.0,0.0,0.0,5726.0,4595.0,258.0,360.0,1.0,1.0,0.0
66,LP001228,1.0,0.0,0.0,1.0,0.0,3200.0,2254.0,126.0,180.0,0.0,2.0,0.0
67,LP001233,1.0,1.0,1.0,0.0,0.0,10750.0,0.0,312.0,360.0,1.0,2.0,1.0
68,LP001238,1.0,1.0,3.0,1.0,1.0,7100.0,0.0,125.0,60.0,1.0,2.0,1.0
69,LP001241,0.0,0.0,0.0,0.0,0.0,4300.0,0.0,136.0,360.0,0.0,1.0,0.0
70,LP001243,1.0,1.0,0.0,0.0,0.0,3208.0,3066.0,172.0,360.0,1.0,2.0,1.0
71,LP001245,1.0,1.0,2.0,1.0,1.0,1875.0,1875.0,97.0,360.0,1.0,1.0,1.0
72,LP001248,1.0,0.0,0.0,0.0,0.0,3500.0,0.0,81.0,300.0,1.0,1.0,1.0
73,LP001250,1.0,1.0,3.0,1.0,0.0,4755.0,0.0,95.0,360.0,0.0,1.0,0.0
74,LP001253,1.0,1.0,3.0,0.0,1.0,5266.0,1774.0,187.0,360.0,1.0,1.0,1.0
75,LP001255,1.0,0.0,0.0,0.0,0.0,3750.0,0.0,113.0,480.0,1.0,2.0,0.0
76,LP001256,1.0,0.0,0.0,0.0,0.0,3750.0,4750.0,176.0,360.0,1.0,2.0,0.0
77,LP001259,1.0,1.0,1.0,0.0,1.0,1000.0,3022.0,110.0,360.0,1.0,2.0,0.0
78,LP001263,1.0,1.0,3.0,0.0,0.0,3167.0,4000.0,180.0,300.0,0.0,1.0,0.0
79,LP001264,1.0,1.0,3.0,1.0,1.0,3333.0,2166.0,130.0,360.0,1.0,1.0,1.0
80,LP001265,0.0,0.0,0.0,0.0,0.0,3846.0,0.0,111.0,360.0,1.0,1.0,1.0
81,LP001266,1.0,1.0,1.0,0.0,1.0,2395.0,0.0,128.0,360.0,1.0,1.0,1.0
82,LP001267,0.0,1.0,2.0,0.0,0.0,1378.0,1881.0,167.0,360.0,1.0,2.0,0.0
83,LP001273,1.0,1.0,0.0,0.0,0.0,6000.0,2250.0,265.0,360.0,1.0,1.0,0.0
84,LP001275,1.0,1.0,1.0,0.0,0.0,3988.0,0.0,50.0,240.0,1.0,2.0,1.0
85,LP001279,1.0,0.0,0.0,0.0,0.0,2366.0,2531.0,136.0,360.0,1.0,1.0,1.0
86,LP001280,1.0,1.0,2.0,1.0,0.0,3333.0,2000.0,99.0,360.0,1.0,1.0,1.0
87,LP001282,1.0,1.0,0.0,0.0,0.0,2500.0,2118.0,104.0,360.0,1.0,1.0,1.0
88,LP001289,1.0,0.0,0.0,0.0,0.0,8566.0,0.0,210.0,360.0,1.0,2.0,1.0
89,LP001310,1.0,1.0,0.0,0.0,0.0,5695.0,4167.0,175.0,360.0,1.0,1.0,1.0
90,LP001316,1.0,1.0,0.0,0.0,0.0,2958.0,2900.0,131.0,360.0,1.0,1.0,1.0
91,LP001318,1.0,1.0,2.0,0.0,0.0,6250.0,5654.0,188.0,180.0,1.0,1.0,1.0
92,LP001319,1.0,1.0,2.0,1.0,0.0,3273.0,1820.0,81.0,360.0,1.0,2.0,1.0
93,LP001322,1.0,0.0,0.0,0.0,0.0,4133.0,0.0,122.0,360.0,1.0,1.0,1.0
94,LP001325,1.0,0.0,0.0,1.0,0.0,3620.0,0.0,25.0,120.0,1.0,1.0,1.0
95,LP001326,1.0,0.0,0.0,0.0,-1.0,6782.0,0.0,128.0,360.0,1.0,2.0,0.0
96,LP001327,0.0,1.0,0.0,0.0,0.0,2484.0,2302.0,137.0,360.0,1.0,1.0,1.0
97,LP001333,1.0,1.0,0.0,0.0,0.0,1977.0,997.0,50.0,360.0,1.0,1.0,1.0
98,LP001334,1.0,1.0,0.0,1.0,0.0,4188.0,0.0,115.0,180.0,1.0,1.0,1.0
99,LP001343,1.0,1.0,0.0,0.0,0.0,1759.0,3541.0,131.0,360.0,1.0,1.0,1.0
100,LP001345,1.0,1.0,2.0,1.0,0.0,4288.0,3263.0,133.0,180.0,1.0,2.0,1.0
101,LP001349,1.0,0.0,0.0,0.0,0.0,4843.0,3806.0,151.0,360.0,1.0,1.0,1.0
102,LP001350,1.0,1.0,-1.0,0.0,0.0,13650.0,0.0,128.0,360.0,1.0,2.0,1.0
103,LP001356,1.0,1.0,0.0,0.0,0.0,4652.0,3583.0,128.0,360.0,1.0,1.0,1.0
104,LP001357,1.0,-1.0,-1.0,0.0,0.0,3816.0,754.0,160.0,360.0,1.0,2.0,1.0
105,LP001367,1.0,1.0,1.0,0.0,0.0,3052.0,1030.0,100.0,360.0,1.0,2.0,1.0
106,LP001369,1.0,1.0,2.0,0.0,0.0,11417.0,1126.0,225.0,360.0,1.0,2.0,1.0
107,LP001370,1.0,0.0,0.0,1.0,-1.0,7333.0,0.0,120.0,360.0,1.0,0.0,0.0
108,LP001379,1.0,1.0,2.0,0.0,0.0,3800.0,3600.0,216.0,360.0,0.0,2.0,0.0
109,LP001384,1.0,1.0,3.0,1.0,0.0,2071.0,754.0,94.0,480.0,1.0,1.0,1.0
110,LP001385,1.0,0.0,0.0,0.0,0.0,5316.0,0.0,136.0,360.0,1.0,2.0,1.0
111,LP001387,0.0,1.0,0.0,0.0,-1.0,2929.0,2333.0,139.0,360.0,1.0,1.0,1.0
112,LP001391,1.0,1.0,0.0,1.0,0.0,3572.0,4114.0,152.0,360.0,0.0,0.0,0.0
113,LP001392,0.0,0.0,1.0,0.0,1.0,7451.0,0.0,128.0,360.0,1.0,1.0,1.0
114,LP001398,1.0,0.0,0.0,0.0,-1.0,5050.0,0.0,118.0,360.0,1.0,1.0,1.0
115,LP001401,1.0,1.0,1.0,0.0,0.0,14583.0,0.0,185.0,180.0,1.0,0.0,1.0
116,LP001404,0.0,1.0,0.0,0.0,0.0,3167.0,2283.0,154.0,360.0,1.0,1.0,1.0
117,LP001405,1.0,1.0,1.0,0.0,0.0,2214.0,1398.0,85.0,360.0,1.0,2.0,1.0
118,LP001421,1.0,1.0,0.0,0.0,0.0,5568.0,2142.0,175.0,360.0,1.0,0.0,0.0
119,LP001422,0.0,0.0,0.0,0.0,0.0,10408.0,0.0,259.0,360.0,1.0,2.0,1.0
120,LP001426,1.0,1.0,-1.0,0.0,0.0,5667.0,2667.0,180.0,360.0,1.0,0.0,1.0
121,LP001430,0.0,0.0,0.0,0.0,0.0,4166.0,0.0,44.0,360.0,1.0,1.0,1.0
122,LP001431,0.0,0.0,0.0,0.0,0.0,2137.0,8980.0,137.0,360.0,0.0,1.0,1.0
123,LP001432,1.0,1.0,2.0,0.0,0.0,2957.0,0.0,81.0,360.0,1.0,1.0,1.0
124,LP001439,1.0,1.0,0.0,1.0,0.0,4300.0,2014.0,194.0,360.0,1.0,0.0,1.0
125,LP001443,0.0,0.0,0.0,0.0,0.0,3692.0,0.0,93.0,360.0,1.0,0.0,1.0
126,LP001448,-1.0,1.0,3.0,0.0,0.0,23803.0,0.0,370.0,360.0,1.0,0.0,1.0
127,LP001449,1.0,0.0,0.0,0.0,0.0,3865.0,1640.0,128.0,360.0,1.0,0.0,1.0
128,LP001451,1.0,1.0,1.0,0.0,1.0,10513.0,3850.0,160.0,180.0,0.0,2.0,0.0
129,LP001465,1.0,1.0,0.0,0.0,0.0,6080.0,2569.0,182.0,360.0,1.0,0.0,0.0
130,LP001469,1.0,0.0,0.0,0.0,1.0,20166.0,0.0,650.0,480.0,1.0,2.0,1.0
131,LP001473,1.0,0.0,0.0,0.0,0.0,2014.0,1929.0,74.0,360.0,1.0,2.0,1.0
132,LP001478,1.0,0.0,0.0,0.0,0.0,2718.0,0.0,70.0,360.0,1.0,1.0,1.0
133,LP001482,1.0,1.0,0.0,0.0,1.0,3459.0,0.0,25.0,120.0,1.0,1.0,1.0
134,LP001487,1.0,0.0,0.0,0.0,0.0,4895.0,0.0,102.0,360.0,1.0,1.0,1.0
135,LP001488,1.0,1.0,3.0,0.0,0.0,4000.0,7750.0,290.0,360.0,1.0,1.0,0.0
136,LP001489,0.0,1.0,0.0,0.0,0.0,4583.0,0.0,84.0,360.0,1.0,0.0,0.0
137,LP001491,1.0,1.0,2.0,0.0,1.0,3316.0,3500.0,88.0,360.0,1.0,2.0,1.0
138,LP001492,1.0,0.0,0.0,0.0,0.0,14999.0,0.0,242.0,360.0,0.0,1.0,0.0
139,LP001493,1.0,1.0,2.0,1.0,0.0,4200.0,1430.0,129.0,360.0,1.0,0.0,0.0
140,LP001497,1.0,1.0,2.0,0.0,0.0,5042.0,2083.0,185.0,360.0,1.0,0.0,0.0
141,LP001498,1.0,0.0,0.0,0.0,0.0,5417.0,0.0,168.0,360.0,1.0,2.0,1.0
142,LP001504,1.0,0.0,0.0,0.0,1.0,6950.0,0.0,175.0,180.0,1.0,1.0,1.0
143,LP001507,1.0,1.0,0.0,0.0,0.0,2698.0,2034.0,122.0,360.0,1.0,1.0,1.0
144,LP001508,1.0,1.0,2.0,0.0,0.0,11757.0,0.0,187.0,180.0,1.0,2.0,1.0
145,LP001514,0.0,1.0,0.0,0.0,0.0,2330.0,4486.0,100.0,360.0,1.0,1.0,1.0
146,LP001516,0.0,1.0,2.0,0.0,0.0,14866.0,0.0,70.0,360.0,1.0,2.0,1.0
147,LP001518,1.0,1.0,1.0,0.0,0.0,1538.0,1425.0,30.0,360.0,1.0,2.0,1.0
148,LP001519,0.0,0.0,0.0,0.0,0.0,10000.0,1666.0,225.0,360.0,1.0,0.0,0.0
149,LP001520,1.0,1.0,0.0,0.0,0.0,4860.0,830.0,125.0,360.0,1.0,1.0,1.0
150,LP001528,1.0,0.0,0.0,0.0,0.0,6277.0,0.0,118.0,360.0,0.0,0.0,0.0
151,LP001529,1.0,1.0,0.0,0.0,1.0,2577.0,3750.0,152.0,360.0,1.0,0.0,1.0
152,LP001531,1.0,0.0,0.0,0.0,0.0,9166.0,0.0,244.0,360.0,1.0,2.0,0.0
153,LP001532,1.0,1.0,2.0,1.0,0.0,2281.0,0.0,113.0,360.0,1.0,0.0,0.0
154,LP001535,1.0,0.0,0.0,0.0,0.0,3254.0,0.0,50.0,360.0,1.0,2.0,1.0
155,LP001536,1.0,1.0,3.0,0.0,0.0,39999.0,0.0,600.0,180.0,0.0,1.0,1.0
156,LP001541,1.0,1.0,1.0,0.0,0.0,6000.0,0.0,160.0,360.0,1.0,0.0,1.0
157,LP001543,1.0,1.0,1.0,0.0,0.0,9538.0,0.0,187.0,360.0,1.0,2.0,1.0
158,LP001546,1.0,0.0,0.0,0.0,-1.0,2980.0,2083.0,120.0,360.0,1.0,0.0,1.0
159,LP001552,1.0,1.0,0.0,0.0,0.0,4583.0,5625.0,255.0,360.0,1.0,1.0,1.0
160,LP001560,1.0,1.0,0.0,1.0,0.0,1863.0,1041.0,98.0,360.0,1.0,1.0,1.0
161,LP001562,1.0,1.0,0.0,0.0,0.0,7933.0,0.0,275.0,360.0,1.0,2.0,0.0
162,LP001565,1.0,1.0,1.0,0.0,0.0,3089.0,1280.0,121.0,360.0,0.0,1.0,0.0
163,LP001570,1.0,1.0,2.0,0.0,0.0,4167.0,1447.0,158.0,360.0,1.0,0.0,1.0
164,LP001572,1.0,1.0,0.0,0.0,0.0,9323.0,0.0,75.0,180.0,1.0,2.0,1.0
165,LP001574,1.0,1.0,0.0,0.0,0.0,3707.0,3166.0,182.0,360.0,1.0,0.0,1.0
166,LP001577,0.0,1.0,0.0,0.0,0.0,4583.0,0.0,112.0,360.0,1.0,0.0,0.0
167,LP001578,1.0,1.0,0.0,0.0,0.0,2439.0,3333.0,129.0,360.0,1.0,0.0,1.0
168,LP001579,1.0,0.0,0.0,0.0,0.0,2237.0,0.0,63.0,480.0,0.0,1.0,0.0
169,LP001580,1.0,1.0,2.0,0.0,0.0,8000.0,0.0,200.0,360.0,1.0,1.0,1.0
170,LP001581,1.0,1.0,0.0,1.0,-1.0,1820.0,1769.0,95.0,360.0,1.0,0.0,1.0
171,LP001585,-1.0,1.0,3.0,0.0,0.0,51763.0,0.0,700.0,300.0,1.0,2.0,1.0
172,LP001586,1.0,1.0,3.0,1.0,0.0,3522.0,0.0,81.0,180.0,1.0,0.0,0.0
173,LP001594,1.0,1.0,0.0,0.0,0.0,5708.0,5625.0,187.0,360.0,1.0,1.0,1.0
174,LP001603,1.0,1.0,0.0,1.0,1.0,4344.0,736.0,87.0,360.0,1.0,1.0,0.0
175,LP001606,1.0,1.0,0.0,0.0,0.0,3497.0,1964.0,116.0,360.0,1.0,0.0,1.0
176,LP001608,1.0,1.0,2.0,0.0,0.0,2045.0,1619.0,101.0,360.0,1.0,0.0,1.0
177,LP001610,1.0,1.0,3.0,0.0,0.0,5516.0,11300.0,495.0,360.0,0.0,1.0,0.0
178,LP001616,1.0,1.0,1.0,0.0,0.0,3750.0,0.0,116.0,360.0,1.0,1.0,1.0
179,LP001630,1.0,0.0,0.0,1.0,0.0,2333.0,1451.0,102.0,480.0,0.0,2.0,0.0
180,LP001633,1.0,1.0,1.0,0.0,0.0,6400.0,7250.0,180.0,360.0,0.0,2.0,0.0
181,LP001634,1.0,0.0,0.0,0.0,0.0,1916.0,5063.0,67.0,360.0,1.0,0.0,0.0
182,LP001636,1.0,1.0,0.0,0.0,0.0,4600.0,0.0,73.0,180.0,1.0,1.0,1.0
183,LP001637,1.0,1.0,1.0,0.0,0.0,33846.0,0.0,260.0,360.0,1.0,1.0,0.0
184,LP001639,0.0,1.0,0.0,0.0,0.0,3625.0,0.0,108.0,360.0,1.0,1.0,1.0
185,LP001640,1.0,1.0,0.0,0.0,1.0,39147.0,4750.0,120.0,360.0,1.0,1.0,1.0
186,LP001641,1.0,1.0,1.0,0.0,1.0,2178.0,0.0,66.0,300.0,0.0,0.0,0.0
187,LP001643,1.0,1.0,0.0,0.0,0.0,2383.0,2138.0,58.0,360.0,1.0,0.0,1.0
188,LP001644,-1.0,1.0,0.0,0.0,1.0,674.0,5296.0,168.0,360.0,1.0,0.0,1.0
189,LP001647,1.0,1.0,0.0,0.0,0.0,9328.0,0.0,188.0,180.0,1.0,0.0,1.0
190,LP001653,1.0,0.0,0.0,1.0,0.0,4885.0,0.0,48.0,360.0,1.0,0.0,1.0
191,LP001656,1.0,0.0,0.0,0.0,0.0,12000.0,0.0,164.0,360.0,1.0,1.0,0.0
192,LP001657,1.0,1.0,0.0,1.0,0.0,6033.0,0.0,160.0,360.0,1.0,2.0,0.0
193,LP001658,1.0,0.0,0.0,0.0,0.0,3858.0,0.0,76.0,360.0,1.0,1.0,1.0
194,LP001664,1.0,0.0,0.0,0.0,0.0,4191.0,0.0,120.0,360.0,1.0,0.0,1.0
195,LP001665,1.0,1.0,1.0,0.0,0.0,3125.0,2583.0,170.0,360.0,1.0,1.0,0.0
196,LP001666,1.0,0.0,0.0,0.0,0.0,8333.0,3750.0,187.0,360.0,1.0,0.0,1.0
197,LP001669,0.0,0.0,0.0,1.0,0.0,1907.0,2365.0,120.0,360.0,1.0,2.0,1.0
198,LP001671,0.0,1.0,0.0,0.0,0.0,3416.0,2816.0,113.0,360.0,1.0,1.0,1.0
199,LP001673,1.0,0.0,0.0,0.0,1.0,11000.0,0.0,83.0,360.0,1.0,2.0,0.0
200,LP001674,1.0,1.0,1.0,1.0,0.0,2600.0,2500.0,90.0,360.0,1.0,1.0,1.0
201,LP001677,1.0,0.0,2.0,0.0,0.0,4923.0,0.0,166.0,360.0,0.0,1.0,1.0
202,LP001682,1.0,1.0,3.0,1.0,0.0,3992.0,0.0,128.0,180.0,1.0,2.0,0.0
203,LP001688,1.0,1.0,1.0,1.0,0.0,3500.0,1083.0,135.0,360.0,1.0,2.0,1.0
204,LP001691,1.0,1.0,2.0,1.0,0.0,3917.0,0.0,124.0,360.0,1.0,1.0,1.0
205,LP001692,0.0,0.0,0.0,1.0,0.0,4408.0,0.0,120.0,360.0,1.0,1.0,1.0
206,LP001693,0.0,0.0,0.0,0.0,0.0,3244.0,0.0,80.0,360.0,1.0,2.0,1.0
207,LP001698,1.0,0.0,0.0,1.0,0.0,3975.0,2531.0,55.0,360.0,1.0,0.0,1.0
208,LP001699,1.0,0.0,0.0,0.0,0.0,2479.0,0.0,59.0,360.0,1.0,2.0,1.0
209,LP001702,1.0,0.0,0.0,0.0,0.0,3418.0,0.0,127.0,360.0,1.0,1.0,0.0
210,LP001708,0.0,0.0,0.0,0.0,0.0,10000.0,0.0,214.0,360.0,1.0,1.0,0.0
211,LP001711,1.0,1.0,3.0,0.0,0.0,3430.0,1250.0,128.0,360.0,0.0,1.0,0.0
212,LP001713,1.0,1.0,1.0,0.0,1.0,7787.0,0.0,240.0,360.0,1.0,2.0,1.0
213,LP001715,1.0,1.0,3.0,1.0,1.0,5703.0,0.0,130.0,360.0,1.0,0.0,1.0
214,LP001716,1.0,1.0,0.0,0.0,0.0,3173.0,3021.0,137.0,360.0,1.0,2.0,1.0
215,LP001720,1.0,1.0,3.0,1.0,0.0,3850.0,983.0,100.0,360.0,1.0,1.0,1.0
216,LP001722,1.0,1.0,0.0,0.0,0.0,150.0,1800.0,135.0,360.0,1.0,0.0,0.0
217,LP001726,1.0,1.0,0.0,0.0,0.0,3727.0,1775.0,131.0,360.0,1.0,1.0,1.0
218,LP001732,1.0,1.0,2.0,0.0,-1.0,5000.0,0.0,72.0,360.0,0.0,1.0,0.0
219,LP001734,0.0,1.0,2.0,0.0,0.0,4283.0,2383.0,127.0,360.0,1.0,1.0,1.0
220,LP001736,1.0,1.0,0.0,0.0,0.0,2221.0,0.0,60.0,360.0,0.0,2.0,0.0
221,LP001743,1.0,1.0,2.0,0.0,0.0,4009.0,1717.0,116.0,360.0,1.0,1.0,1.0
222,LP001744,1.0,0.0,0.0,0.0,0.0,2971.0,2791.0,144.0,360.0,1.0,1.0,1.0
223,LP001749,1.0,1.0,0.0,0.0,0.0,7578.0,1010.0,175.0,360.0,1.0,1.0,1.0
224,LP001750,1.0,1.0,0.0,0.0,0.0,6250.0,0.0,128.0,360.0,1.0,1.0,1.0
225,LP001751,1.0,1.0,0.0,0.0,0.0,3250.0,0.0,170.0,360.0,1.0,0.0,0.0
226,LP001754,1.0,1.0,-1.0,1.0,1.0,4735.0,0.0,138.0,360.0,1.0,2.0,0.0
227,LP001758,1.0,1.0,2.0,0.0,0.0,6250.0,1695.0,210.0,360.0,1.0,1.0,1.0
228,LP001760,1.0,-1.0,-1.0,0.0,0.0,4758.0,0.0,158.0,480.0,1.0,1.0,1.0
229,LP001761,1.0,0.0,0.0,0.0,1.0,6400.0,0.0,200.0,360.0,1.0,0.0,1.0
230,LP001765,1.0,1.0,1.0,0.0,0.0,2491.0,2054.0,104.0,360.0,1.0,1.0,1.0
231,LP001768,1.0,1.0,0.0,0.0,-1.0,3716.0,0.0,42.0,180.0,1.0,0.0,1.0
232,LP001770,1.0,0.0,0.0,1.0,0.0,3189.0,2598.0,120.0,360.0,1.0,0.0,1.0
233,LP001776,0.0,0.0,0.0,0.0,0.0,8333.0,0.0,280.0,360.0,1.0,1.0,1.0
234,LP001778,1.0,1.0,1.0,0.0,0.0,3155.0,1779.0,140.0,360.0,1.0,1.0,1.0
235,LP001784,1.0,1.0,1.0,0.0,0.0,5500.0,1260.0,170.0,360.0,1.0,0.0,1.0
236,LP001786,1.0,1.0,0.0,0.0,-1.0,5746.0,0.0,255.0,360.0,1.0,2.0,0.0
237,LP001788,0.0,0.0,0.0,0.0,1.0,3463.0,0.0,122.0,360.0,1.0,2.0,1.0
238,LP001790,0.0,0.0,1.0,0.0,0.0,3812.0,0.0,112.0,360.0,1.0,0.0,1.0
239,LP001792,1.0,1.0,1.0,0.0,0.0,3315.0,0.0,96.0,360.0,1.0,1.0,1.0
240,LP001798,1.0,1.0,2.0,0.0,0.0,5819.0,5000.0,120.0,360.0,1.0,0.0,1.0
241,LP001800,1.0,1.0,1.0,1.0,0.0,2510.0,1983.0,140.0,180.0,1.0,2.0,0.0
242,LP001806,1.0,0.0,0.0,0.0,0.0,2965.0,5701.0,155.0,60.0,1.0,2.0,1.0
243,LP001807,1.0,1.0,2.0,0.0,1.0,6250.0,1300.0,108.0,360.0,1.0,0.0,1.0
244,LP001811,1.0,1.0,0.0,1.0,0.0,3406.0,4417.0,123.0,360.0,1.0,1.0,1.0
245,LP001813,1.0,0.0,0.0,0.0,1.0,6050.0,4333.0,120.0,180.0,1.0,2.0,0.0
246,LP001814,1.0,1.0,2.0,0.0,0.0,9703.0,0.0,112.0,360.0,1.0,2.0,1.0
247,LP001819,1.0,1.0,1.0,1.0,0.0,6608.0,0.0,137.0,180.0,1.0,2.0,1.0
248,LP001824,1.0,1.0,1.0,0.0,0.0,2882.0,1843.0,123.0,480.0,1.0,1.0,1.0
249,LP001825,1.0,1.0,0.0,0.0,0.0,1809.0,1868.0,90.0,360.0,1.0,2.0,1.0
250,LP001835,1.0,1.0,0.0,1.0,0.0,1668.0,3890.0,201.0,360.0,0.0,1.0,0.0
251,LP001836,0.0,0.0,2.0,0.0,0.0,3427.0,0.0,138.0,360.0,1.0,2.0,0.0
252,LP001841,1.0,0.0,0.0,1.0,1.0,2583.0,2167.0,104.0,360.0,1.0,0.0,1.0
253,LP001843,1.0,1.0,1.0,1.0,0.0,2661.0,7101.0,279.0,180.0,1.0,1.0,1.0
254,LP001844,1.0,0.0,0.0,0.0,1.0,16250.0,0.0,192.0,360.0,0.0,2.0,0.0
255,LP001846,0.0,0.0,3.0,0.0,0.0,3083.0,0.0,255.0,360.0,1.0,0.0,1.0
256,LP001849,1.0,0.0,0.0,1.0,0.0,6045.0,0.0,115.0,360.0,0.0,0.0,0.0
257,LP001854,1.0,1.0,3.0,0.0,0.0,5250.0,0.0,94.0,360.0,1.0,2.0,0.0
258,LP001859,1.0,1.0,0.0,0.0,0.0,14683.0,2100.0,304.0,360.0,1.0,0.0,0.0
259,LP001864,1.0,1.0,3.0,1.0,0.0,4931.0,0.0,128.0,360.0,1.0,1.0,0.0
260,LP001865,1.0,1.0,1.0,0.0,0.0,6083.0,4250.0,330.0,360.0,1.0,2.0,1.0
261,LP001868,1.0,0.0,0.0,0.0,0.0,2060.0,2209.0,134.0,360.0,1.0,1.0,1.0
262,LP001870,0.0,0.0,1.0,0.0,0.0,3481.0,0.0,155.0,36.0,1.0,1.0,0.0
263,LP001871,0.0,0.0,0.0,0.0,0.0,7200.0,0.0,120.0,360.0,1.0,0.0,1.0
264,LP001872,1.0,0.0,0.0,0.0,1.0,5166.0,0.0,128.0,360.0,1.0,1.0,1.0
265,LP001875,1.0,0.0,0.0,0.0,0.0,4095.0,3447.0,151.0,360.0,1.0,0.0,1.0
266,LP001877,1.0,1.0,2.0,0.0,0.0,4708.0,1387.0,150.0,360.0,1.0,1.0,1.0
267,LP001882,1.0,1.0,3.0,0.0,0.0,4333.0,1811.0,160.0,360.0,0.0,2.0,1.0
268,LP001883,0.0,0.0,0.0,0.0,-1.0,3418.0,0.0,135.0,360.0,1.0,0.0,0.0
269,LP001884,0.0,0.0,1.0,0.0,0.0,2876.0,1560.0,90.0,360.0,1.0,2.0,1.0
270,LP001888,0.0,0.0,0.0,0.0,0.0,3237.0,0.0,30.0,360.0,1.0,2.0,1.0
271,LP001891,1.0,1.0,0.0,0.0,0.0,11146.0,0.0,136.0,360.0,1.0,2.0,1.0
272,LP001892,1.0,0.0,0.0,0.0,0.0,2833.0,1857.0,126.0,360.0,1.0,0.0,1.0
273,LP001894,1.0,1.0,0.0,0.0,0.0,2620.0,2223.0,150.0,360.0,1.0,1.0,1.0
274,LP001896,1.0,1.0,2.0,0.0,0.0,3900.0,0.0,90.0,360.0,1.0,1.0,1.0
275,LP001900,1.0,1.0,1.0,0.0,0.0,2750.0,1842.0,115.0,360.0,1.0,1.0,1.0
276,LP001903,1.0,1.0,0.0,0.0,0.0,3993.0,3274.0,207.0,360.0,1.0,1.0,1.0
277,LP001904,1.0,1.0,0.0,0.0,0.0,3103.0,1300.0,80.0,360.0,1.0,2.0,1.0
278,LP001907,1.0,1.0,0.0,0.0,0.0,14583.0,0.0,436.0,360.0,1.0,1.0,1.0
279,LP001908,0.0,1.0,0.0,1.0,0.0,4100.0,0.0,124.0,360.0,1.0,0.0,1.0
280,LP001910,1.0,0.0,1.0,1.0,1.0,4053.0,2426.0,158.0,360.0,0.0,2.0,0.0
281,LP001914,1.0,1.0,0.0,0.0,0.0,3927.0,800.0,112.0,360.0,1.0,1.0,1.0
282,LP001915,1.0,1.0,2.0,0.0,0.0,2301.0,985.7999877999997,78.0,180.0,1.0,2.0,1.0
283,LP001917,0.0,0.0,0.0,0.0,0.0,1811.0,1666.0,54.0,360.0,1.0,2.0,1.0
284,LP001922,1.0,1.0,0.0,0.0,0.0,20667.0,0.0,128.0,360.0,1.0,0.0,0.0
285,LP001924,1.0,0.0,0.0,0.0,0.0,3158.0,3053.0,89.0,360.0,1.0,0.0,1.0
286,LP001925,0.0,0.0,0.0,0.0,1.0,2600.0,1717.0,99.0,300.0,1.0,1.0,0.0
287,LP001926,1.0,1.0,0.0,0.0,0.0,3704.0,2000.0,120.0,360.0,1.0,0.0,1.0
288,LP001931,0.0,0.0,0.0,0.0,0.0,4124.0,0.0,115.0,360.0,1.0,1.0,1.0
289,LP001935,1.0,0.0,0.0,0.0,0.0,9508.0,0.0,187.0,360.0,1.0,0.0,1.0
290,LP001936,1.0,1.0,0.0,0.0,0.0,3075.0,2416.0,139.0,360.0,1.0,0.0,1.0
291,LP001938,1.0,1.0,2.0,0.0,0.0,4400.0,0.0,127.0,360.0,0.0,1.0,0.0
292,LP001940,1.0,1.0,2.0,0.0,0.0,3153.0,1560.0,134.0,360.0,1.0,2.0,1.0
293,LP001945,0.0,0.0,-1.0,0.0,0.0,5417.0,0.0,143.0,480.0,0.0,2.0,0.0
294,LP001947,1.0,1.0,0.0,0.0,0.0,2383.0,3334.0,172.0,360.0,1.0,1.0,1.0
295,LP001949,1.0,1.0,3.0,0.0,-1.0,4416.0,1250.0,110.0,360.0,1.0,2.0,1.0
296,LP001953,1.0,1.0,1.0,0.0,0.0,6875.0,0.0,200.0,360.0,1.0,1.0,1.0
297,LP001954,0.0,1.0,1.0,0.0,0.0,4666.0,0.0,135.0,360.0,1.0,2.0,1.0
298,LP001955,0.0,0.0,0.0,0.0,0.0,5000.0,2541.0,151.0,480.0,1.0,0.0,0.0
299,LP001963,1.0,1.0,1.0,0.0,0.0,2014.0,2925.0,113.0,360.0,1.0,2.0,0.0
300,LP001964,1.0,1.0,0.0,1.0,0.0,1800.0,2934.0,93.0,360.0,0.0,2.0,0.0
301,LP001972,1.0,1.0,-1.0,1.0,0.0,2875.0,1750.0,105.0,360.0,1.0,1.0,1.0
302,LP001974,0.0,0.0,0.0,0.0,0.0,5000.0,0.0,132.0,360.0,1.0,0.0,1.0
303,LP001977,1.0,1.0,1.0,0.0,0.0,1625.0,1803.0,96.0,360.0,1.0,2.0,1.0
304,LP001978,1.0,0.0,0.0,0.0,0.0,4000.0,2500.0,140.0,360.0,1.0,0.0,1.0
305,LP001990,1.0,0.0,0.0,1.0,0.0,2000.0,0.0,128.0,360.0,1.0,2.0,0.0
306,LP001993,0.0,0.0,0.0,0.0,0.0,3762.0,1666.0,135.0,360.0,1.0,0.0,1.0
307,LP001994,0.0,0.0,0.0,0.0,0.0,2400.0,1863.0,104.0,360.0,0.0,2.0,0.0
308,LP001996,1.0,0.0,0.0,0.0,0.0,20233.0,0.0,480.0,360.0,1.0,0.0,0.0
309,LP001998,1.0,1.0,2.0,1.0,0.0,7667.0,0.0,185.0,360.0,1.0,0.0,1.0
310,LP002002,0.0,0.0,0.0,0.0,0.0,2917.0,0.0,84.0,360.0,1.0,1.0,1.0
311,LP002004,1.0,0.0,0.0,1.0,0.0,2927.0,2405.0,111.0,360.0,1.0,1.0,1.0
312,LP002006,0.0,0.0,0.0,0.0,0.0,2507.0,0.0,56.0,360.0,1.0,0.0,1.0
313,LP002008,1.0,1.0,2.0,0.0,1.0,5746.0,0.0,144.0,84.0,1.0,0.0,1.0
314,LP002024,-1.0,1.0,0.0,0.0,0.0,2473.0,1843.0,159.0,360.0,1.0,0.0,0.0
315,LP002031,1.0,1.0,1.0,1.0,0.0,3399.0,1640.0,111.0,180.0,1.0,2.0,1.0
316,LP002035,1.0,1.0,2.0,0.0,0.0,3717.0,0.0,120.0,360.0,1.0,1.0,1.0
317,LP002036,1.0,1.0,0.0,0.0,0.0,2058.0,2134.0,88.0,360.0,1.0,2.0,1.0
318,LP002043,0.0,0.0,1.0,0.0,0.0,3541.0,0.0,112.0,360.0,1.0,1.0,1.0
319,LP002050,1.0,1.0,1.0,0.0,1.0,10000.0,0.0,155.0,360.0,1.0,0.0,0.0
320,LP002051,1.0,1.0,0.0,0.0,0.0,2400.0,2167.0,115.0,360.0,1.0,1.0,1.0
321,LP002053,1.0,1.0,3.0,0.0,0.0,4342.0,189.0,124.0,360.0,1.0,1.0,1.0
322,LP002054,1.0,1.0,2.0,1.0,0.0,3601.0,1590.0,128.0,360.0,1.0,0.0,1.0
323,LP002055,0.0,0.0,0.0,0.0,0.0,3166.0,2985.0,132.0,360.0,1.0,0.0,1.0
324,LP002065,1.0,1.0,3.0,0.0,0.0,15000.0,0.0,300.0,360.0,1.0,0.0,1.0
325,LP002067,1.0,1.0,1.0,0.0,1.0,8666.0,4983.0,376.0,360.0,0.0,0.0,0.0
326,LP002068,1.0,0.0,0.0,0.0,0.0,4917.0,0.0,130.0,360.0,0.0,0.0,1.0
327,LP002082,1.0,1.0,0.0,0.0,1.0,5818.0,2160.0,184.0,360.0,1.0,1.0,1.0
328,LP002086,0.0,1.0,0.0,0.0,0.0,4333.0,2451.0,110.0,360.0,1.0,2.0,0.0
329,LP002087,0.0,0.0,0.0,0.0,0.0,2500.0,0.0,67.0,360.0,1.0,2.0,1.0
330,LP002097,1.0,0.0,1.0,0.0,0.0,4384.0,1793.0,117.0,360.0,1.0,2.0,1.0
331,LP002098,1.0,0.0,0.0,0.0,0.0,2935.0,0.0,98.0,360.0,1.0,1.0,1.0
332,LP002100,1.0,0.0,-1.0,0.0,0.0,2833.0,0.0,71.0,360.0,1.0,2.0,1.0
333,LP002101,1.0,1.0,0.0,0.0,-1.0,63337.0,0.0,490.0,180.0,1.0,2.0,1.0
334,LP002103,-1.0,1.0,1.0,0.0,1.0,9833.0,1833.0,182.0,180.0,1.0,2.0,1.0
335,LP002106,1.0,1.0,-1.0,0.0,1.0,5503.0,4490.0,70.0,360.0,1.0,1.0,1.0
336,LP002110,1.0,1.0,1.0,0.0,-1.0,5250.0,688.0,160.0,360.0,1.0,0.0,1.0
337,LP002112,1.0,1.0,2.0,0.0,1.0,2500.0,4600.0,176.0,360.0,1.0,0.0,1.0
338,LP002113,0.0,0.0,3.0,1.0,0.0,1830.0,0.0,128.0,360.0,0.0,2.0,0.0
339,LP002114,0.0,0.0,0.0,0.0,0.0,4160.0,0.0,71.0,360.0,1.0,1.0,1.0
340,LP002115,1.0,1.0,3.0,1.0,0.0,2647.0,1587.0,173.0,360.0,1.0,0.0,0.0
341,LP002116,0.0,0.0,0.0,0.0,0.0,2378.0,0.0,46.0,360.0,1.0,0.0,0.0
342,LP002119,1.0,1.0,1.0,1.0,0.0,4554.0,1229.0,158.0,360.0,1.0,2.0,1.0
343,LP002126,1.0,1.0,3.0,1.0,0.0,3173.0,0.0,74.0,360.0,1.0,1.0,1.0
344,LP002128,1.0,1.0,2.0,0.0,-1.0,2583.0,2330.0,125.0,360.0,1.0,0.0,1.0
345,LP002129,1.0,1.0,0.0,0.0,0.0,2499.0,2458.0,160.0,360.0,1.0,1.0,1.0
346,LP002130,1.0,1.0,-1.0,1.0,0.0,3523.0,3230.0,152.0,360.0,0.0,0.0,0.0
347,LP002131,1.0,1.0,2.0,1.0,0.0,3083.0,2168.0,126.0,360.0,1.0,2.0,1.0
348,LP002137,1.0,1.0,0.0,0.0,0.0,6333.0,4583.0,259.0,360.0,1.0,1.0,1.0
349,LP002138,1.0,1.0,0.0,0.0,0.0,2625.0,6250.0,187.0,360.0,1.0,0.0,1.0
350,LP002139,1.0,1.0,0.0,0.0,0.0,9083.0,0.0,228.0,360.0,1.0,1.0,1.0
351,LP002140,1.0,0.0,0.0,0.0,0.0,8750.0,4167.0,308.0,360.0,1.0,0.0,0.0
352,LP002141,1.0,1.0,3.0,0.0,0.0,2666.0,2083.0,95.0,360.0,1.0,0.0,1.0
353,LP002142,0.0,1.0,0.0,0.0,1.0,5500.0,0.0,105.0,360.0,0.0,0.0,0.0
354,LP002143,0.0,1.0,0.0,0.0,0.0,2423.0,505.0,130.0,360.0,1.0,1.0,1.0
355,LP002144,0.0,0.0,-1.0,0.0,0.0,3813.0,0.0,116.0,180.0,1.0,2.0,1.0
356,LP002149,1.0,1.0,2.0,0.0,0.0,8333.0,3167.0,165.0,360.0,1.0,0.0,1.0
357,LP002151,1.0,1.0,1.0,0.0,0.0,3875.0,0.0,67.0,360.0,1.0,2.0,0.0
358,LP002158,1.0,1.0,0.0,1.0,0.0,3000.0,1666.0,100.0,480.0,0.0,2.0,0.0
359,LP002160,1.0,1.0,3.0,0.0,0.0,5167.0,3167.0,200.0,360.0,1.0,1.0,1.0
360,LP002161,0.0,0.0,1.0,0.0,0.0,4723.0,0.0,81.0,360.0,1.0,1.0,0.0
361,LP002170,1.0,1.0,2.0,0.0,0.0,5000.0,3667.0,236.0,360.0,1.0,1.0,1.0
362,LP002175,1.0,1.0,0.0,0.0,0.0,4750.0,2333.0,130.0,360.0,1.0,2.0,1.0
363,LP002178,1.0,1.0,0.0,0.0,0.0,3013.0,3033.0,95.0,300.0,1.0,2.0,1.0
364,LP002180,1.0,0.0,0.0,0.0,1.0,6822.0,0.0,141.0,360.0,1.0,0.0,1.0
365,LP002181,1.0,0.0,0.0,1.0,0.0,6216.0,0.0,133.0,360.0,1.0,0.0,0.0
366,LP002187,1.0,0.0,0.0,0.0,0.0,2500.0,0.0,96.0,480.0,1.0,1.0,0.0
367,LP002188,1.0,0.0,0.0,0.0,0.0,5124.0,0.0,124.0,360.0,0.0,0.0,0.0
368,LP002190,1.0,1.0,1.0,0.0,0.0,6325.0,0.0,175.0,360.0,1.0,1.0,1.0
369,LP002191,1.0,1.0,0.0,0.0,0.0,19730.0,5266.0,570.0,360.0,1.0,0.0,0.0
370,LP002194,0.0,0.0,0.0,0.0,1.0,15759.0,0.0,55.0,360.0,1.0,1.0,1.0
371,LP002197,1.0,1.0,2.0,0.0,0.0,5185.0,0.0,155.0,360.0,1.0,1.0,1.0
372,LP002201,1.0,1.0,2.0,0.0,1.0,9323.0,7873.0,380.0,300.0,1.0,0.0,1.0
373,LP002205,1.0,0.0,1.0,0.0,0.0,3062.0,1987.0,111.0,180.0,0.0,2.0,0.0
374,LP002209,0.0,0.0,0.0,0.0,-1.0,2764.0,1459.0,110.0,360.0,1.0,2.0,1.0
375,LP002211,1.0,1.0,0.0,0.0,0.0,4817.0,923.0,120.0,180.0,1.0,2.0,1.0
376,LP002219,1.0,1.0,3.0,0.0,0.0,8750.0,4996.0,130.0,360.0,1.0,0.0,1.0
377,LP002223,1.0,1.0,0.0,0.0,0.0,4310.0,0.0,130.0,360.0,1.0,1.0,1.0
378,LP002224,1.0,0.0,0.0,0.0,0.0,3069.0,0.0,71.0,480.0,1.0,2.0,0.0
379,LP002225,1.0,1.0,2.0,0.0,0.0,5391.0,0.0,130.0,360.0,1.0,2.0,1.0
380,LP002226,1.0,1.0,0.0,0.0,-1.0,3333.0,2500.0,128.0,360.0,1.0,1.0,1.0
381,LP002229,1.0,0.0,0.0,0.0,0.0,5941.0,4232.0,296.0,360.0,1.0,1.0,1.0
382,LP002231,0.0,0.0,0.0,0.0,0.0,6000.0,0.0,156.0,360.0,1.0,2.0,1.0
383,LP002234,1.0,0.0,0.0,0.0,1.0,7167.0,0.0,128.0,360.0,1.0,2.0,1.0
384,LP002236,1.0,1.0,2.0,0.0,0.0,4566.0,0.0,100.0,360.0,1.0,2.0,0.0
385,LP002237,1.0,0.0,1.0,0.0,-1.0,3667.0,0.0,113.0,180.0,1.0,2.0,1.0
386,LP002239,1.0,0.0,0.0,1.0,0.0,2346.0,1600.0,132.0,360.0,1.0,1.0,1.0
387,LP002243,1.0,1.0,0.0,1.0,0.0,3010.0,3136.0,128.0,360.0,0.0,2.0,0.0
388,LP002244,1.0,1.0,0.0,0.0,0.0,2333.0,2417.0,136.0,360.0,1.0,2.0,1.0
389,LP002250,1.0,1.0,0.0,0.0,0.0,5488.0,0.0,125.0,360.0,1.0,0.0,1.0
390,LP002255,1.0,0.0,3.0,0.0,0.0,9167.0,0.0,185.0,360.0,1.0,0.0,1.0
391,LP002262,1.0,1.0,3.0,0.0,0.0,9504.0,0.0,275.0,360.0,1.0,0.0,1.0
392,LP002263,1.0,1.0,0.0,0.0,0.0,2583.0,2115.0,120.0,360.0,1.0,2.0,1.0
393,LP002265,1.0,1.0,2.0,1.0,0.0,1993.0,1625.0,113.0,180.0,1.0,1.0,1.0
394,LP002266,1.0,1.0,2.0,0.0,0.0,3100.0,1400.0,113.0,360.0,1.0,2.0,1.0
395,LP002272,1.0,1.0,2.0,0.0,0.0,3276.0,484.0,135.0,360.0,1.0,1.0,1.0
396,LP002277,0.0,0.0,0.0,0.0,0.0,3180.0,0.0,71.0,360.0,0.0,2.0,0.0
397,LP002281,1.0,1.0,0.0,0.0,0.0,3033.0,1459.0,95.0,360.0,1.0,2.0,1.0
398,LP002284,1.0,0.0,0.0,1.0,0.0,3902.0,1666.0,109.0,360.0,1.0,0.0,1.0
399,LP002287,0.0,0.0,0.0,0.0,0.0,1500.0,1800.0,103.0,360.0,0.0,1.0,0.0
400,LP002288,1.0,1.0,2.0,1.0,0.0,2889.0,0.0,45.0,180.0,0.0,2.0,0.0
401,LP002296,1.0,0.0,0.0,1.0,0.0,2755.0,0.0,65.0,300.0,1.0,0.0,0.0
402,LP002297,1.0,0.0,0.0,0.0,0.0,2500.0,20000.0,103.0,360.0,1.0,1.0,1.0
403,LP002300,0.0,0.0,0.0,1.0,0.0,1963.0,0.0,53.0,360.0,1.0,1.0,1.0
404,LP002301,0.0,0.0,0.0,0.0,1.0,7441.0,0.0,194.0,360.0,1.0,0.0,0.0
405,LP002305,0.0,0.0,0.0,0.0,0.0,4547.0,0.0,115.0,360.0,1.0,1.0,1.0
406,LP002308,1.0,1.0,0.0,1.0,0.0,2167.0,2400.0,115.0,360.0,1.0,2.0,1.0
407,LP002314,0.0,0.0,0.0,1.0,0.0,2213.0,0.0,66.0,360.0,1.0,0.0,1.0
408,LP002315,1.0,1.0,1.0,0.0,0.0,8300.0,0.0,152.0,300.0,0.0,1.0,0.0
409,LP002317,1.0,1.0,3.0,0.0,0.0,81000.0,0.0,360.0,360.0,0.0,0.0,0.0
410,LP002318,0.0,0.0,1.0,1.0,1.0,3867.0,0.0,62.0,360.0,1.0,1.0,0.0
411,LP002319,1.0,1.0,0.0,0.0,-1.0,6256.0,0.0,160.0,360.0,1.0,2.0,1.0
412,LP002328,1.0,1.0,0.0,1.0,0.0,6096.0,0.0,218.0,360.0,0.0,0.0,0.0
413,LP002332,1.0,1.0,0.0,1.0,0.0,2253.0,2033.0,110.0,360.0,1.0,0.0,1.0
414,LP002335,0.0,1.0,0.0,1.0,0.0,2149.0,3237.0,178.0,360.0,0.0,1.0,0.0
415,LP002337,0.0,0.0,0.0,0.0,0.0,2995.0,0.0,60.0,360.0,1.0,2.0,1.0
416,LP002341,0.0,0.0,1.0,0.0,0.0,2600.0,0.0,160.0,360.0,1.0,2.0,0.0
417,LP002342,1.0,1.0,2.0,0.0,1.0,1600.0,20000.0,239.0,360.0,1.0,2.0,0.0
418,LP002345,1.0,1.0,0.0,0.0,0.0,1025.0,2773.0,112.0,360.0,1.0,0.0,1.0
419,LP002347,1.0,1.0,0.0,0.0,0.0,3246.0,1417.0,138.0,360.0,1.0,1.0,1.0
420,LP002348,1.0,1.0,0.0,0.0,0.0,5829.0,0.0,138.0,360.0,1.0,0.0,1.0
421,LP002357,0.0,0.0,0.0,1.0,0.0,2720.0,0.0,80.0,360.0,0.0,2.0,0.0
422,LP002361,1.0,1.0,0.0,0.0,0.0,1820.0,1719.0,100.0,360.0,1.0,2.0,1.0
423,LP002362,1.0,1.0,1.0,0.0,0.0,7250.0,1667.0,110.0,360.0,0.0,2.0,0.0
424,LP002364,1.0,1.0,0.0,0.0,0.0,14880.0,0.0,96.0,360.0,1.0,1.0,1.0
425,LP002366,1.0,1.0,0.0,0.0,0.0,2666.0,4300.0,121.0,360.0,1.0,0.0,1.0
426,LP002367,0.0,0.0,1.0,1.0,0.0,4606.0,0.0,81.0,360.0,1.0,0.0,0.0
427,LP002368,1.0,1.0,2.0,0.0,0.0,5935.0,0.0,133.0,360.0,1.0,1.0,1.0
428,LP002369,1.0,1.0,0.0,0.0,0.0,2920.0,16.12000084,87.0,360.0,1.0,0.0,1.0
429,LP002370,1.0,0.0,0.0,1.0,0.0,2717.0,0.0,60.0,180.0,1.0,2.0,1.0
430,LP002377,0.0,0.0,1.0,0.0,1.0,8624.0,0.0,150.0,360.0,1.0,1.0,1.0
431,LP002379,1.0,0.0,0.0,0.0,0.0,6500.0,0.0,105.0,360.0,0.0,0.0,0.0
432,LP002386,1.0,0.0,0.0,0.0,-1.0,12876.0,0.0,405.0,360.0,1.0,1.0,1.0
433,LP002387,1.0,1.0,0.0,0.0,0.0,2425.0,2340.0,143.0,360.0,1.0,1.0,1.0
434,LP002390,1.0,0.0,0.0,0.0,0.0,3750.0,0.0,100.0,360.0,1.0,2.0,1.0
435,LP002393,0.0,-1.0,-1.0,0.0,0.0,10047.0,0.0,128.0,240.0,1.0,1.0,1.0
436,LP002398,1.0,0.0,0.0,0.0,0.0,1926.0,1851.0,50.0,360.0,1.0,1.0,1.0
437,LP002401,1.0,1.0,0.0,0.0,0.0,2213.0,1125.0,128.0,360.0,1.0,2.0,1.0
438,LP002403,1.0,0.0,0.0,0.0,1.0,10416.0,0.0,187.0,360.0,0.0,2.0,0.0
439,LP002407,0.0,1.0,0.0,1.0,1.0,7142.0,0.0,138.0,360.0,1.0,0.0,1.0
440,LP002408,1.0,0.0,0.0,0.0,0.0,3660.0,5064.0,187.0,360.0,1.0,1.0,1.0
441,LP002409,1.0,1.0,0.0,0.0,0.0,7901.0,1833.0,180.0,360.0,1.0,0.0,1.0
442,LP002418,1.0,0.0,3.0,1.0,0.0,4707.0,1993.0,148.0,360.0,1.0,1.0,1.0
443,LP002422,1.0,0.0,1.0,0.0,0.0,37719.0,0.0,152.0,360.0,1.0,1.0,1.0
444,LP002424,1.0,1.0,0.0,0.0,0.0,7333.0,8333.0,175.0,300.0,1.0,0.0,1.0
445,LP002429,1.0,1.0,1.0,0.0,1.0,3466.0,1210.0,130.0,360.0,1.0,0.0,1.0
446,LP002434,1.0,1.0,2.0,1.0,0.0,4652.0,0.0,110.0,360.0,1.0,0.0,1.0
447,LP002435,1.0,1.0,0.0,0.0,-1.0,3539.0,1376.0,55.0,360.0,1.0,0.0,0.0
448,LP002443,1.0,1.0,2.0,0.0,0.0,3340.0,1710.0,150.0,360.0,0.0,0.0,0.0
449,LP002444,1.0,0.0,1.0,1.0,1.0,2769.0,1542.0,190.0,360.0,1.0,1.0,0.0
450,LP002446,1.0,1.0,2.0,1.0,0.0,2309.0,1255.0,125.0,360.0,0.0,0.0,0.0
451,LP002447,1.0,1.0,2.0,1.0,0.0,1958.0,1456.0,60.0,300.0,1.0,2.0,1.0
452,LP002448,1.0,1.0,0.0,0.0,0.0,3948.0,1733.0,149.0,360.0,0.0,0.0,0.0
453,LP002449,1.0,1.0,0.0,0.0,0.0,2483.0,2466.0,90.0,180.0,0.0,0.0,1.0
454,LP002453,1.0,0.0,0.0,0.0,1.0,7085.0,0.0,84.0,360.0,1.0,1.0,1.0
455,LP002455,1.0,1.0,2.0,0.0,0.0,3859.0,0.0,96.0,360.0,1.0,1.0,1.0
456,LP002459,1.0,1.0,0.0,0.0,0.0,4301.0,0.0,118.0,360.0,1.0,2.0,1.0
457,LP002467,1.0,1.0,0.0,0.0,0.0,3708.0,2569.0,173.0,360.0,1.0,2.0,0.0
458,LP002472,1.0,0.0,2.0,0.0,0.0,4354.0,0.0,136.0,360.0,1.0,0.0,1.0
459,LP002473,1.0,1.0,0.0,0.0,0.0,8334.0,0.0,160.0,360.0,1.0,1.0,0.0
460,LP002478,-1.0,1.0,0.0,0.0,1.0,2083.0,4083.0,160.0,360.0,1.0,1.0,1.0
461,LP002484,1.0,1.0,3.0,0.0,0.0,7740.0,0.0,128.0,180.0,1.0,2.0,1.0
462,LP002487,1.0,1.0,0.0,0.0,0.0,3015.0,2188.0,153.0,360.0,1.0,0.0,1.0
463,LP002489,0.0,0.0,1.0,1.0,-1.0,5191.0,0.0,132.0,360.0,1.0,1.0,1.0
464,LP002493,1.0,0.0,0.0,0.0,0.0,4166.0,0.0,98.0,360.0,0.0,1.0,0.0
465,LP002494,1.0,0.0,0.0,0.0,0.0,6000.0,0.0,140.0,360.0,1.0,0.0,1.0
466,LP002500,1.0,1.0,3.0,1.0,0.0,2947.0,1664.0,70.0,180.0,0.0,2.0,0.0
467,LP002501,-1.0,1.0,0.0,0.0,0.0,16692.0,0.0,110.0,360.0,1.0,1.0,1.0
468,LP002502,0.0,1.0,2.0,1.0,-1.0,210.0,2917.0,98.0,360.0,1.0,1.0,1.0
469,LP002505,1.0,1.0,0.0,0.0,0.0,4333.0,2451.0,110.0,360.0,1.0,2.0,0.0
470,LP002515,1.0,1.0,1.0,0.0,1.0,3450.0,2079.0,162.0,360.0,1.0,1.0,1.0
471,LP002517,1.0,1.0,1.0,1.0,0.0,2653.0,1500.0,113.0,180.0,0.0,0.0,0.0
472,LP002519,1.0,1.0,3.0,0.0,0.0,4691.0,0.0,100.0,360.0,1.0,1.0,1.0
473,LP002522,0.0,0.0,0.0,0.0,1.0,2500.0,0.0,93.0,360.0,1.0,2.0,1.0
474,LP002524,1.0,0.0,2.0,0.0,0.0,5532.0,4648.0,162.0,360.0,1.0,0.0,1.0
475,LP002527,1.0,1.0,2.0,0.0,1.0,16525.0,1014.0,150.0,360.0,1.0,0.0,1.0
476,LP002529,1.0,1.0,2.0,0.0,0.0,6700.0,1750.0,230.0,300.0,1.0,1.0,1.0
477,LP002530,-1.0,1.0,2.0,0.0,0.0,2873.0,1872.0,132.0,360.0,0.0,1.0,0.0
478,LP002531,1.0,1.0,1.0,0.0,1.0,16667.0,2250.0,86.0,360.0,1.0,1.0,1.0
479,LP002533,1.0,1.0,2.0,0.0,0.0,2947.0,1603.0,128.0,360.0,1.0,2.0,0.0
480,LP002534,0.0,0.0,0.0,1.0,0.0,4350.0,0.0,154.0,360.0,1.0,0.0,1.0
481,LP002536,1.0,1.0,3.0,1.0,0.0,3095.0,0.0,113.0,360.0,1.0,0.0,1.0
482,LP002537,1.0,1.0,0.0,0.0,0.0,2083.0,3150.0,128.0,360.0,1.0,1.0,1.0
483,LP002541,1.0,1.0,0.0,0.0,0.0,10833.0,0.0,234.0,360.0,1.0,1.0,1.0
484,LP002543,1.0,1.0,2.0,0.0,0.0,8333.0,0.0,246.0,360.0,1.0,1.0,1.0
485,LP002544,1.0,1.0,1.0,1.0,0.0,1958.0,2436.0,131.0,360.0,1.0,0.0,1.0
486,LP002545,1.0,0.0,2.0,0.0,0.0,3547.0,0.0,80.0,360.0,0.0,0.0,0.0
487,LP002547,1.0,1.0,1.0,0.0,0.0,18333.0,0.0,500.0,360.0,1.0,2.0,0.0
488,LP002555,1.0,1.0,2.0,0.0,1.0,4583.0,2083.0,160.0,360.0,1.0,1.0,1.0
489,LP002556,1.0,0.0,0.0,0.0,0.0,2435.0,0.0,75.0,360.0,1.0,2.0,0.0
490,LP002560,1.0,0.0,0.0,1.0,0.0,2699.0,2785.0,96.0,360.0,1.0,1.0,1.0
491,LP002562,1.0,1.0,1.0,1.0,0.0,5333.0,1131.0,186.0,360.0,1.0,2.0,1.0
492,LP002571,1.0,0.0,0.0,1.0,0.0,3691.0,0.0,110.0,360.0,1.0,0.0,1.0
493,LP002582,0.0,0.0,0.0,1.0,1.0,17263.0,0.0,225.0,360.0,1.0,1.0,1.0
494,LP002585,1.0,1.0,0.0,0.0,0.0,3597.0,2157.0,119.0,360.0,0.0,0.0,0.0
495,LP002586,0.0,1.0,1.0,0.0,0.0,3326.0,913.0,105.0,84.0,1.0,1.0,1.0
496,LP002587,1.0,1.0,0.0,1.0,0.0,2600.0,1700.0,107.0,360.0,1.0,0.0,1.0
497,LP002588,1.0,1.0,0.0,0.0,0.0,4625.0,2857.0,111.0,12.0,1.0,2.0,1.0
498,LP002600,1.0,1.0,1.0,0.0,1.0,2895.0,0.0,95.0,360.0,1.0,1.0,1.0
499,LP002602,1.0,0.0,0.0,0.0,0.0,6283.0,4416.0,209.0,360.0,0.0,0.0,0.0
500,LP002603,0.0,0.0,0.0,0.0,0.0,645.0,3683.0,113.0,480.0,1.0,0.0,1.0
501,LP002606,0.0,0.0,0.0,0.0,0.0,3159.0,0.0,100.0,360.0,1.0,1.0,1.0
502,LP002615,1.0,1.0,2.0,0.0,0.0,4865.0,5624.0,208.0,360.0,1.0,1.0,1.0
503,LP002618,1.0,1.0,1.0,1.0,0.0,4050.0,5302.0,138.0,360.0,1.0,0.0,0.0
504,LP002619,1.0,1.0,0.0,1.0,0.0,3814.0,1483.0,124.0,300.0,1.0,1.0,1.0
505,LP002622,1.0,1.0,2.0,0.0,0.0,3510.0,4416.0,243.0,360.0,1.0,0.0,1.0
506,LP002624,1.0,1.0,0.0,0.0,0.0,20833.0,6667.0,480.0,360.0,1.0,2.0,1.0
507,LP002625,-1.0,0.0,0.0,0.0,0.0,3583.0,0.0,96.0,360.0,1.0,2.0,0.0
508,LP002626,1.0,1.0,0.0,0.0,1.0,2479.0,3013.0,188.0,360.0,1.0,2.0,1.0
509,LP002634,0.0,0.0,1.0,0.0,0.0,13262.0,0.0,40.0,360.0,1.0,2.0,1.0
510,LP002637,1.0,0.0,0.0,1.0,0.0,3598.0,1287.0,100.0,360.0,1.0,0.0,0.0
511,LP002640,1.0,1.0,1.0,0.0,0.0,6065.0,2004.0,250.0,360.0,1.0,1.0,1.0
512,LP002643,1.0,1.0,2.0,0.0,0.0,3283.0,2035.0,148.0,360.0,1.0,2.0,1.0
513,LP002648,1.0,1.0,0.0,0.0,0.0,2130.0,6666.0,70.0,180.0,1.0,1.0,0.0
514,LP002652,1.0,0.0,0.0,0.0,0.0,5815.0,3666.0,311.0,360.0,1.0,0.0,0.0
515,LP002659,1.0,1.0,3.0,0.0,0.0,3466.0,3428.0,150.0,360.0,1.0,0.0,1.0
516,LP002670,0.0,1.0,2.0,0.0,0.0,2031.0,1632.0,113.0,480.0,1.0,1.0,1.0
517,LP002682,1.0,1.0,-1.0,1.0,0.0,3074.0,1800.0,123.0,360.0,0.0,1.0,0.0
518,LP002683,1.0,0.0,0.0,0.0,0.0,4683.0,1915.0,185.0,360.0,1.0,1.0,0.0
519,LP002684,0.0,0.0,0.0,1.0,0.0,3400.0,0.0,95.0,360.0,1.0,0.0,0.0
520,LP002689,1.0,1.0,2.0,1.0,0.0,2192.0,1742.0,45.0,360.0,1.0,1.0,1.0
521,LP002690,1.0,0.0,0.0,0.0,0.0,2500.0,0.0,55.0,360.0,1.0,1.0,1.0
522,LP002692,1.0,1.0,3.0,0.0,1.0,5677.0,1424.0,100.0,360.0,1.0,0.0,1.0
523,LP002693,1.0,1.0,2.0,0.0,1.0,7948.0,7166.0,480.0,360.0,1.0,0.0,1.0
524,LP002697,1.0,0.0,0.0,0.0,0.0,4680.0,2087.0,128.0,360.0,1.0,1.0,0.0
525,LP002699,1.0,1.0,2.0,0.0,1.0,17500.0,0.0,400.0,360.0,1.0,0.0,1.0
526,LP002705,1.0,1.0,0.0,0.0,0.0,3775.0,0.0,110.0,360.0,1.0,1.0,1.0
527,LP002706,1.0,1.0,1.0,1.0,0.0,5285.0,1430.0,161.0,360.0,0.0,1.0,1.0
528,LP002714,1.0,0.0,1.0,1.0,0.0,2679.0,1302.0,94.0,360.0,1.0,1.0,1.0
529,LP002716,1.0,0.0,0.0,1.0,0.0,6783.0,0.0,130.0,360.0,1.0,1.0,1.0
530,LP002717,1.0,1.0,0.0,0.0,0.0,1025.0,5500.0,216.0,360.0,1.0,0.0,1.0
531,LP002720,1.0,1.0,3.0,0.0,0.0,4281.0,0.0,100.0,360.0,1.0,2.0,1.0
532,LP002723,1.0,0.0,2.0,0.0,0.0,3588.0,0.0,110.0,360.0,0.0,0.0,0.0
533,LP002729,1.0,0.0,1.0,0.0,0.0,11250.0,0.0,196.0,360.0,1.0,1.0,0.0
534,LP002731,0.0,0.0,0.0,1.0,1.0,18165.0,0.0,125.0,360.0,1.0,2.0,1.0
535,LP002732,1.0,0.0,0.0,1.0,-1.0,2550.0,2042.0,126.0,360.0,1.0,0.0,1.0
536,LP002734,1.0,1.0,0.0,0.0,0.0,6133.0,3906.0,324.0,360.0,1.0,2.0,1.0
537,LP002738,1.0,0.0,2.0,0.0,0.0,3617.0,0.0,107.0,360.0,1.0,1.0,1.0
538,LP002739,1.0,1.0,0.0,1.0,0.0,2917.0,536.0,66.0,360.0,1.0,0.0,0.0
539,LP002740,1.0,1.0,3.0,0.0,0.0,6417.0,0.0,157.0,180.0,1.0,0.0,1.0
540,LP002741,0.0,1.0,1.0,0.0,0.0,4608.0,2845.0,140.0,180.0,1.0,1.0,1.0
541,LP002743,0.0,0.0,0.0,0.0,0.0,2138.0,0.0,99.0,360.0,0.0,1.0,0.0
542,LP002753,0.0,0.0,1.0,0.0,-1.0,3652.0,0.0,95.0,360.0,1.0,1.0,1.0
543,LP002755,1.0,1.0,1.0,1.0,0.0,2239.0,2524.0,128.0,360.0,1.0,2.0,1.0
544,LP002757,0.0,1.0,0.0,1.0,0.0,3017.0,663.0,102.0,360.0,1.0,1.0,1.0
545,LP002767,1.0,1.0,0.0,0.0,0.0,2768.0,1950.0,155.0,360.0,1.0,0.0,1.0
546,LP002768,1.0,0.0,0.0,1.0,0.0,3358.0,0.0,80.0,36.0,1.0,1.0,0.0
547,LP002772,1.0,0.0,0.0,0.0,0.0,2526.0,1783.0,145.0,360.0,1.0,0.0,1.0
548,LP002776,0.0,0.0,0.0,0.0,0.0,5000.0,0.0,103.0,360.0,0.0,1.0,0.0
549,LP002777,1.0,1.0,0.0,0.0,0.0,2785.0,2016.0,110.0,360.0,1.0,0.0,1.0
550,LP002778,1.0,1.0,2.0,0.0,1.0,6633.0,0.0,128.0,360.0,0.0,0.0,0.0
551,LP002784,1.0,1.0,1.0,1.0,0.0,2492.0,2375.0,128.0,360.0,1.0,0.0,1.0
552,LP002785,1.0,1.0,1.0,0.0,0.0,3333.0,3250.0,158.0,360.0,1.0,2.0,1.0
553,LP002788,1.0,1.0,0.0,1.0,0.0,2454.0,2333.0,181.0,360.0,0.0,2.0,0.0
554,LP002789,1.0,1.0,0.0,0.0,0.0,3593.0,4266.0,132.0,180.0,0.0,0.0,0.0
555,LP002792,1.0,1.0,1.0,0.0,0.0,5468.0,1032.0,26.0,360.0,1.0,1.0,1.0
556,LP002794,0.0,0.0,0.0,0.0,0.0,2667.0,1625.0,84.0,360.0,1.0,2.0,1.0
557,LP002795,1.0,1.0,3.0,0.0,1.0,10139.0,0.0,260.0,360.0,1.0,1.0,1.0
558,LP002798,1.0,1.0,0.0,0.0,0.0,3887.0,2669.0,162.0,360.0,1.0,1.0,1.0
559,LP002804,0.0,1.0,0.0,0.0,0.0,4180.0,2306.0,182.0,360.0,1.0,1.0,1.0
560,LP002807,1.0,1.0,2.0,1.0,0.0,3675.0,242.0,108.0,360.0,1.0,1.0,1.0
561,LP002813,0.0,1.0,1.0,0.0,1.0,19484.0,0.0,600.0,360.0,1.0,1.0,1.0
562,LP002820,1.0,1.0,0.0,0.0,0.0,5923.0,2054.0,211.0,360.0,1.0,0.0,1.0
563,LP002821,1.0,0.0,0.0,1.0,1.0,5800.0,0.0,132.0,360.0,1.0,1.0,1.0
564,LP002832,1.0,1.0,2.0,0.0,0.0,8799.0,0.0,258.0,360.0,0.0,2.0,0.0
565,LP002833,1.0,1.0,0.0,1.0,0.0,4467.0,0.0,120.0,360.0,1.0,0.0,1.0
566,LP002836,1.0,0.0,0.0,0.0,0.0,3333.0,0.0,70.0,360.0,1.0,2.0,1.0
567,LP002837,1.0,1.0,3.0,0.0,0.0,3400.0,2500.0,123.0,360.0,0.0,0.0,0.0
568,LP002840,0.0,0.0,0.0,0.0,0.0,2378.0,0.0,9.0,360.0,1.0,2.0,0.0
569,LP002841,1.0,1.0,0.0,0.0,0.0,3166.0,2064.0,104.0,360.0,0.0,2.0,0.0
570,LP002842,1.0,1.0,1.0,0.0,0.0,3417.0,1750.0,186.0,360.0,1.0,2.0,1.0
571,LP002847,1.0,1.0,-1.0,0.0,0.0,5116.0,1451.0,165.0,360.0,0.0,2.0,0.0
572,LP002855,1.0,1.0,2.0,0.0,0.0,16666.0,0.0,275.0,360.0,1.0,2.0,1.0
573,LP002862,1.0,1.0,2.0,1.0,0.0,6125.0,1625.0,187.0,480.0,1.0,1.0,0.0
574,LP002863,1.0,1.0,3.0,0.0,0.0,6406.0,0.0,150.0,360.0,1.0,1.0,0.0
575,LP002868,1.0,1.0,2.0,0.0,0.0,3159.0,461.0,108.0,84.0,1.0,2.0,1.0
576,LP002872,-1.0,1.0,0.0,0.0,0.0,3087.0,2210.0,136.0,360.0,0.0,1.0,0.0
577,LP002874,1.0,0.0,0.0,0.0,0.0,3229.0,2739.0,110.0,360.0,1.0,2.0,1.0
578,LP002877,1.0,1.0,1.0,0.0,0.0,1782.0,2232.0,107.0,360.0,1.0,0.0,1.0
579,LP002888,1.0,0.0,0.0,0.0,-1.0,3182.0,2917.0,161.0,360.0,1.0,2.0,1.0
580,LP002892,1.0,1.0,2.0,0.0,0.0,6540.0,0.0,205.0,360.0,1.0,1.0,1.0
581,LP002893,1.0,0.0,0.0,0.0,0.0,1836.0,33837.0,90.0,360.0,1.0,2.0,0.0
582,LP002894,0.0,1.0,0.0,0.0,0.0,3166.0,0.0,36.0,360.0,1.0,1.0,1.0
583,LP002898,1.0,1.0,1.0,0.0,0.0,1880.0,0.0,61.0,360.0,1.0,0.0,0.0
584,LP002911,1.0,1.0,1.0,0.0,0.0,2787.0,1917.0,146.0,360.0,0.0,0.0,0.0
585,LP002912,1.0,1.0,1.0,0.0,0.0,4283.0,3000.0,172.0,84.0,1.0,0.0,0.0
586,LP002916,1.0,1.0,0.0,0.0,0.0,2297.0,1522.0,104.0,360.0,1.0,2.0,1.0
587,LP002917,0.0,0.0,0.0,1.0,0.0,2165.0,0.0,70.0,360.0,1.0,1.0,1.0
588,LP002925,-1.0,0.0,0.0,0.0,0.0,4750.0,0.0,94.0,360.0,1.0,1.0,1.0
589,LP002926,1.0,1.0,2.0,0.0,1.0,2726.0,0.0,106.0,360.0,0.0,1.0,0.0
590,LP002928,1.0,1.0,0.0,0.0,0.0,3000.0,3416.0,56.0,180.0,1.0,1.0,1.0
591,LP002931,1.0,1.0,2.0,0.0,1.0,6000.0,0.0,205.0,240.0,1.0,1.0,0.0
592,LP002933,-1.0,0.0,3.0,0.0,1.0,9357.0,0.0,292.0,360.0,1.0,1.0,1.0
593,LP002936,1.0,1.0,0.0,0.0,0.0,3859.0,3300.0,142.0,180.0,1.0,0.0,1.0
594,LP002938,1.0,1.0,0.0,0.0,1.0,16120.0,0.0,260.0,360.0,1.0,2.0,1.0
595,LP002940,1.0,0.0,0.0,1.0,0.0,3833.0,0.0,110.0,360.0,1.0,0.0,1.0
596,LP002941,1.0,1.0,2.0,1.0,1.0,6383.0,1000.0,187.0,360.0,1.0,0.0,0.0
597,LP002943,1.0,0.0,-1.0,0.0,0.0,2987.0,0.0,88.0,360.0,0.0,1.0,0.0
598,LP002945,1.0,1.0,0.0,0.0,1.0,9963.0,0.0,180.0,360.0,1.0,0.0,1.0
599,LP002948,1.0,1.0,2.0,0.0,0.0,5780.0,0.0,192.0,360.0,1.0,2.0,1.0
600,LP002949,0.0,0.0,3.0,0.0,-1.0,416.0,41667.0,350.0,180.0,1.0,2.0,0.0
601,LP002950,1.0,1.0,0.0,1.0,-1.0,2894.0,2792.0,155.0,360.0,1.0,0.0,1.0
602,LP002953,1.0,1.0,3.0,0.0,0.0,5703.0,0.0,128.0,360.0,1.0,2.0,1.0
603,LP002958,1.0,0.0,0.0,0.0,0.0,3676.0,4301.0,172.0,360.0,1.0,0.0,1.0
604,LP002959,0.0,1.0,1.0,0.0,0.0,12000.0,0.0,496.0,360.0,1.0,1.0,1.0
605,LP002960,1.0,1.0,0.0,1.0,0.0,2400.0,3800.0,128.0,180.0,1.0,2.0,0.0
606,LP002961,1.0,1.0,1.0,0.0,0.0,3400.0,2500.0,173.0,360.0,1.0,1.0,1.0
607,LP002964,1.0,1.0,2.0,1.0,0.0,3987.0,1411.0,157.0,360.0,1.0,0.0,1.0
608,LP002974,1.0,1.0,0.0,0.0,0.0,3232.0,1950.0,108.0,360.0,1.0,0.0,1.0
609,LP002978,0.0,0.0,0.0,0.0,0.0,2900.0,0.0,71.0,360.0,1.0,0.0,1.0
610,LP002979,1.0,1.0,3.0,0.0,0.0,4106.0,0.0,40.0,180.0,1.0,0.0,1.0
611,LP002983,1.0,1.0,1.0,0.0,0.0,8072.0,240.0,253.0,360.0,1.0,2.0,1.0
612,LP002984,1.0,1.0,2.0,0.0,0.0,7583.0,0.0,187.0,360.0,1.0,2.0,1.0
613,LP002990,0.0,0.0,0.0,0.0,1.0,4583.0,0.0,133.0,360.0,0.0,1.0,0.0
